Usage_time,Battery,Temp1,Temp2,Temp3,LFoot_x,LFoot_y,LFoot_z,RFoot_x,RFoot_y,RFoot_z,LFootCOP_x,LFootCOP_y,RFootCOP_x,RFootCOP_y,LFootCOP_value,LFootCOP_vector_x,LFootCOP_vector_y,RFootCOP_value,RFootCOP_vector_x,RFootCOP_vector_y,LFoot_time_travel,RFoot_time_travel,LH_Abd_Temp,LH_Rot_Temp,LH_Flex_Temp,LK_Temp,LA_Lat_Temp,LA_Med_Temp,RH_Abd_Temp,RH_Rot_Temp,RH_Flex_Temp,RK_Temp,RA_Lat_Temp,RA_Med_Temp,LH_Abd_Amp,LH_Rot_Amp,LH_Flex_Amp,LK_Amp,LA_Lat_Amp,LA_Med_Amp,RH_Abd_Amp,RH_Rot_Amp,RH_Flex_Amp,RK_Amp,RA_Lat_Amp,RA_Med_Amp
00:00:12:759,93,73.0,54.0,28.0,24500.0,0.0,0.0,24400.0,0.0,0.0,-19.0,-12.0,132.0,63.0,0.0,30.0,30.0,22.0,30.0,-30.0,3.0,3.0,30.0,73.0,99.0,72.0,19.0,82.0,1.0,89.0,42.0,88.0,11.0,90.0,93.0,93.0,93.0,93.0,93.0,93.0,93.0,93.0,93.0,93.0,93.0,93.0
00:00:12:809,93,73.0,54.0,28.0,24500.0,0.0,0.0,24600.0,0.0,0.0,18.0,-60.0,132.0,63.0,17.0,30.0,30.0,0.0,30.0,-30.0,3.0,3.0,30.0,73.0,99.0,72.0,19.0,82.0,1.0,89.0,42.0,88.0,11.0,90.0,93.0,93.0,93.0,93.0,93.0,93.0,93.0,93.0,93.0,93.0,93.0,93.0
00:00:12:861,93,73.0,54.0,28.0,24700.0,0.0,0.0,24600.0,0.0,0.0,18.0,-60.0,111.0,54.0,0.0,30.0,30.0,24.0,30.0,-30.0,3.0,3.0,30.0,73.0,99.0,72.0,19.0,82.0,1.0,89.0,42.0,88.0,11.0,90.0,93.0,93.0,93.0,93.0,93.0,93.0,93.0,93.0,93.0,93.0,93.0,93.0
00:00:12:914,93,73.0,54.0,28.0,24700.0,0.0,0.0,24800.0,0.0,0.0,-34.0,-33.0,111.0,54.0,23.0,30.0,30.0,0.0,30.0,-30.0,3.0,3.0,30.0,73.0,99.0,72.0,19.0,82.0,1.0,89.0,42.0,88.0,11.0,90.0,93.0,93.0,93.0,93.0,93.0,93.0,93.0,93.0,93.0,93.0,93.0,93.0
00:00:12:965,93,73.0,54.0,28.0,24900.0,0.0,0.0,24800.0,0.0,0.0,-34.0,-33.0,143.0,5.0,0.0,30.0,30.0,10.0,30.0,-30.0,3.0,3.0,30.0,73.0,99.0,72.0,19.0,82.0,1.0,89.0,42.0,88.0,11.0,90.0,93.0,93.0,93.0,93.0,93.0,93.0,93.0,93.0,93.0,93.0,93.0,93.0
00:00:13:017,93,73.0,54.0,28.0,24900.0,0.0,0.0,25000.0,0.0,0.0,-10.0,65.0,143.0,5.0,19.0,30.0,30.0,0.0,30.0,-30.0,3.0,3.0,30.0,73.0,99.0,72.0,19.0,82.0,1.0,89.0,42.0,88.0,11.0,90.0,93.0,93.0,93.0,93.0,93.0,93.0,93.0,93.0,93.0,93.0,93.0,93.0
00:00:13:058,93,28.0,27.0,91.0,24900.0,0.0,0.0,25000.0,0.0,0.0,-10.0,65.0,143.0,5.0,19.0,30.0,30.0,0.0,30.0,-30.0,3.0,3.0,94.0,0.0,59.0,39.0,95.0,4.0,34.0,37.0,93.0,65.0,2.0,82.0,93.0,93.0,93.0,93.0,93.0,93.0,93.0,93.0,93.0,93.0,93.0,93.0
00:00:13:073,93,28.0,27.0,91.0,25100.0,0.0,0.0,25000.0,0.0,0.0,-10.0,65.0,201.0,-10.0,0.0,30.0,30.0,23.0,30.0,-30.0,3.0,3.0,94.0,0.0,59.0,39.0,95.0,4.0,34.0,37.0,93.0,65.0,2.0,82.0,93.0,93.0,93.0,93.0,93.0,93.0,93.0,93.0,93.0,93.0,93.0,93.0
00:00:13:121,93,28.0,27.0,91.0,25100.0,0.0,0.0,25200.0,0.0,0.0,55.0,28.0,201.0,-10.0,13.0,30.0,30.0,0.0,30.0,-30.0,3.0,3.0,94.0,0.0,59.0,39.0,95.0,4.0,34.0,37.0,93.0,65.0,2.0,82.0,93.0,93.0,93.0,93.0,93.0,93.0,93.0,93.0,93.0,93.0,93.0,93.0
00:00:13:173,93,28.0,27.0,91.0,25300.0,0.0,0.0,25200.0,0.0,0.0,55.0,28.0,12.0,71.0,0.0,30.0,30.0,11.0,30.0,-30.0,3.0,3.0,94.0,0.0,59.0,39.0,95.0,4.0,34.0,37.0,93.0,65.0,2.0,82.0,93.0,93.0,93.0,93.0,93.0,93.0,93.0,93.0,93.0,93.0,93.0,93.0
00:00:13:225,93,28.0,27.0,91.0,25300.0,0.0,0.0,25400.0,0.0,0.0,-46.0,62.0,12.0,71.0,14.0,30.0,30.0,0.0,30.0,-30.0,3.0,3.0,94.0,0.0,59.0,39.0,95.0,4.0,34.0,37.0,93.0,65.0,2.0,82.0,93.0,93.0,93.0,93.0,93.0,93.0,93.0,93.0,93.0,93.0,93.0,93.0
00:00:13:278,93,28.0,27.0,91.0,25500.0,0.0,0.0,25400.0,0.0,0.0,-46.0,62.0,41.0,37.0,0.0,30.0,30.0,30.0,30.0,-30.0,3.0,3.0,94.0,0.0,59.0,39.0,95.0,4.0,34.0,37.0,93.0,65.0,2.0,82.0,93.0,93.0,93.0,93.0,93.0,93.0,93.0,93.0,93.0,93.0,93.0,93.0
00:00:13:329,93,28.0,27.0,91.0,25500.0,0.0,0.0,25600.0,0.0,0.0,-30.0,1.0,41.0,37.0,22.0,30.0,30.0,0.0,30.0,-30.0,3.0,3.0,94.0,0.0,59.0,39.0,95.0,4.0,34.0,37.0,93.0,65.0,2.0,82.0,93.0,93.0,93.0,93.0,93.0,93.0,93.0,93.0,93.0,93.0,93.0,93.0
00:00:13:380,93,28.0,27.0,91.0,25700.0,0.0,0.0,25600.0,0.0,0.0,-30.0,1.0,-37.0,-63.0,0.0,30.0,30.0,21.0,30.0,-30.0,3.0,3.0,94.0,0.0,59.0,39.0,95.0,4.0,34.0,37.0,93.0,65.0,2.0,82.0,93.0,93.0,93.0,93.0,93.0,93.0,93.0,93.0,93.0,93.0,93.0,93.0
00:00:13:433,93,28.0,27.0,91.0,25700.0,0.0,0.0,25800.0,0.0,0.0,143.0,-11.0,-37.0,-63.0,30.0,30.0,30.0,0.0,30.0,-30.0,3.0,3.0,94.0,0.0,59.0,39.0,95.0,4.0,34.0,37.0,93.0,65.0,2.0,82.0,93.0,93.0,93.0,93.0,93.0,93.0,93.0,93.0,93.0,93.0,93.0,93.0
00:00:13:486,93,28.0,27.0,91.0,25900.0,0.0,0.0,25800.0,0.0,0.0,143.0,-11.0,115.0,72.0,0.0,30.0,30.0,24.0,30.0,-30.0,3.0,3.0,94.0,0.0,59.0,39.0,95.0,4.0,34.0,37.0,93.0,65.0,2.0,82.0,93.0,93.0,93.0,93.0,93.0,93.0,93.0,93.0,93.0,93.0,93.0,93.0
00:00:13:537,93,28.0,27.0,91.0,25900.0,0.0,0.0,26000.0,0.0,0.0,214.0,-47.0,115.0,72.0,21.0,30.0,30.0,0.0,30.0,-30.0,3.0,3.0,94.0,0.0,59.0,39.0,95.0,4.0,34.0,37.0,93.0,65.0,2.0,82.0,93.0,93.0,93.0,93.0,93.0,93.0,93.0,93.0,93.0,93.0,93.0,93.0
00:00:13:560,93,7.0,56.0,4.0,25900.0,0.0,0.0,26000.0,0.0,0.0,214.0,-47.0,115.0,72.0,21.0,30.0,30.0,0.0,30.0,-30.0,3.0,3.0,62.0,46.0,16.0,60.0,83.0,34.0,43.0,61.0,6.0,77.0,74.0,81.0,93.0,93.0,93.0,93.0,93.0,93.0,93.0,93.0,93.0,93.0,93.0,93.0
00:00:13:591,93,7.0,56.0,4.0,26100.0,0.0,0.0,26000.0,0.0,0.0,214.0,-47.0,-11.0,-62.0,0.0,30.0,30.0,24.0,30.0,-30.0,3.0,3.0,62.0,46.0,16.0,60.0,83.0,34.0,43.0,61.0,6.0,77.0,74.0,81.0,93.0,93.0,93.0,93.0,93.0,93.0,93.0,93.0,93.0,93.0,93.0,93.0
00:00:13:641,93,7.0,56.0,4.0,26100.0,0.0,0.0,26200.0,0.0,0.0,217.0,76.0,-11.0,-62.0,29.0,30.0,30.0,0.0,30.0,-30.0,3.0,3.0,62.0,46.0,16.0,60.0,83.0,34.0,43.0,61.0,6.0,77.0,74.0,81.0,93.0,93.0,93.0,93.0,93.0,93.0,93.0,93.0,93.0,93.0,93.0,93.0
00:00:13:693,93,7.0,56.0,4.0,26300.0,0.0,0.0,26200.0,0.0,0.0,217.0,76.0,28.0,-70.0,0.0,30.0,30.0,20.0,30.0,-30.0,3.0,3.0,62.0,46.0,16.0,60.0,83.0,34.0,43.0,61.0,6.0,77.0,74.0,81.0,93.0,93.0,93.0,93.0,93.0,93.0,93.0,93.0,93.0,93.0,93.0,93.0
00:00:13:744,93,7.0,56.0,4.0,26300.0,0.0,0.0,26400.0,0.0,0.0,28.0,-69.0,28.0,-70.0,12.0,30.0,30.0,0.0,30.0,-30.0,3.0,3.0,62.0,46.0,16.0,60.0,83.0,34.0,43.0,61.0,6.0,77.0,74.0,81.0,93.0,93.0,93.0,93.0,93.0,93.0,93.0,93.0,93.0,93.0,93.0,93.0
00:00:13:796,93,7.0,56.0,4.0,26500.0,0.0,0.0,26400.0,0.0,0.0,28.0,-69.0,131.0,-27.0,0.0,30.0,30.0,22.0,30.0,-30.0,3.0,3.0,62.0,46.0,16.0,60.0,83.0,34.0,43.0,61.0,6.0,77.0,74.0,81.0,93.0,93.0,93.0,93.0,93.0,93.0,93.0,93.0,93.0,93.0,93.0,93.0
00:00:13:848,93,7.0,56.0,4.0,26500.0,0.0,0.0,26600.0,0.0,0.0,72.0,61.0,131.0,-27.0,13.0,30.0,30.0,0.0,30.0,-30.0,3.0,3.0,62.0,46.0,16.0,60.0,83.0,34.0,43.0,61.0,6.0,77.0,74.0,81.0,93.0,93.0,93.0,93.0,93.0,93.0,93.0,93.0,93.0,93.0,93.0,93.0
00:00:13:901,93,7.0,56.0,4.0,26700.0,0.0,0.0,26600.0,0.0,0.0,72.0,61.0,-48.0,18.0,0.0,30.0,30.0,16.0,30.0,-30.0,3.0,3.0,62.0,46.0,16.0,60.0,83.0,34.0,43.0,61.0,6.0,77.0,74.0,81.0,93.0,93.0,93.0,93.0,93.0,93.0,93.0,93.0,93.0,93.0,93.0,93.0
00:00:13:953,93,7.0,56.0,4.0,26700.0,0.0,0.0,26800.0,0.0,0.0,-38.0,6.0,-48.0,18.0,22.0,30.0,30.0,0.0,30.0,-30.0,3.0,3.0,62.0,46.0,16.0,60.0,83.0,34.0,43.0,61.0,6.0,77.0,74.0,81.0,93.0,93.0,93.0,93.0,93.0,93.0,93.0,93.0,93.0,93.0,93.0,93.0
00:00:14:008,93,7.0,56.0,4.0,26900.0,0.0,0.0,26800.0,0.0,0.0,-38.0,6.0,166.0,-57.0,0.0,30.0,30.0,27.0,30.0,-30.0,3.0,3.0,62.0,46.0,16.0,60.0,83.0,34.0,43.0,61.0,6.0,77.0,74.0,81.0,93.0,93.0,93.0,93.0,93.0,93.0,93.0,93.0,93.0,93.0,93.0,93.0
00:00:14:024,92,7.0,56.0,4.0,26900.0,0.0,0.0,26800.0,0.0,0.0,-38.0,6.0,166.0,-57.0,0.0,30.0,30.0,27.0,30.0,-30.0,3.0,3.0,62.0,46.0,16.0,60.0,83.0,34.0,43.0,61.0,6.0,77.0,74.0,81.0,92.0,92.0,92.0,92.0,92.0,92.0,92.0,92.0,92.0,92.0,92.0,92.0
00:00:14:061,92,7.0,56.0,4.0,26900.0,0.0,0.0,27000.0,0.0,0.0,142.0,-4.0,166.0,-57.0,27.0,30.0,30.0,0.0,30.0,-30.0,3.0,3.0,62.0,46.0,16.0,60.0,83.0,34.0,43.0,61.0,6.0,77.0,74.0,81.0,92.0,92.0,92.0,92.0,92.0,92.0,92.0,92.0,92.0,92.0,92.0,92.0
00:00:14:066,92,64.0,57.0,81.0,26900.0,0.0,0.0,27000.0,0.0,0.0,142.0,-4.0,166.0,-57.0,27.0,30.0,30.0,0.0,30.0,-30.0,3.0,3.0,100.0,65.0,40.0,18.0,8.0,93.0,17.0,10.0,59.0,54.0,12.0,39.0,92.0,92.0,92.0,92.0,92.0,92.0,92.0,92.0,92.0,92.0,92.0,92.0
00:00:14:108,92,64.0,57.0,81.0,27100.0,0.0,0.0,27000.0,0.0,0.0,142.0,-4.0,12.0,-77.0,0.0,30.0,30.0,12.0,30.0,-30.0,3.0,3.0,100.0,65.0,40.0,18.0,8.0,93.0,17.0,10.0,59.0,54.0,12.0,39.0,92.0,92.0,92.0,92.0,92.0,92.0,92.0,92.0,92.0,92.0,92.0,92.0
00:00:14:159,92,64.0,57.0,81.0,27100.0,0.0,0.0,27200.0,0.0,0.0,192.0,59.0,12.0,-77.0,10.0,30.0,30.0,0.0,30.0,-30.0,3.0,3.0,100.0,65.0,40.0,18.0,8.0,93.0,17.0,10.0,59.0,54.0,12.0,39.0,92.0,92.0,92.0,92.0,92.0,92.0,92.0,92.0,92.0,92.0,92.0,92.0
00:00:14:211,92,64.0,57.0,81.0,27300.0,0.0,0.0,27200.0,0.0,0.0,192.0,59.0,-5.0,31.0,0.0,30.0,30.0,20.0,30.0,-30.0,3.0,3.0,100.0,65.0,40.0,18.0,8.0,93.0,17.0,10.0,59.0,54.0,12.0,39.0,92.0,92.0,92.0,92.0,92.0,92.0,92.0,92.0,92.0,92.0,92.0,92.0
00:00:14:263,92,64.0,57.0,81.0,27300.0,0.0,0.0,27400.0,0.0,0.0,-31.0,77.0,-5.0,31.0,19.0,30.0,30.0,0.0,30.0,-30.0,3.0,3.0,100.0,65.0,40.0,18.0,8.0,93.0,17.0,10.0,59.0,54.0,12.0,39.0,92.0,92.0,92.0,92.0,92.0,92.0,92.0,92.0,92.0,92.0,92.0,92.0
00:00:14:314,92,64.0,57.0,81.0,27500.0,0.0,0.0,27400.0,0.0,0.0,-31.0,77.0,-67.0,-2.0,0.0,30.0,30.0,30.0,30.0,-30.0,3.0,3.0,100.0,65.0,40.0,18.0,8.0,93.0,17.0,10.0,59.0,54.0,12.0,39.0,92.0,92.0,92.0,92.0,92.0,92.0,92.0,92.0,92.0,92.0,92.0,92.0
00:00:14:366,92,64.0,57.0,81.0,27500.0,0.0,0.0,27600.0,0.0,0.0,-53.0,-69.0,-67.0,-2.0,18.0,30.0,30.0,0.0,30.0,-30.0,3.0,3.0,100.0,65.0,40.0,18.0,8.0,93.0,17.0,10.0,59.0,54.0,12.0,39.0,92.0,92.0,92.0,92.0,92.0,92.0,92.0,92.0,92.0,92.0,92.0,92.0
00:00:14:418,92,64.0,57.0,81.0,27700.0,0.0,0.0,27600.0,0.0,0.0,-53.0,-69.0,31.0,-38.0,0.0,30.0,30.0,30.0,30.0,-30.0,3.0,3.0,100.0,65.0,40.0,18.0,8.0,93.0,17.0,10.0,59.0,54.0,12.0,39.0,92.0,92.0,92.0,92.0,92.0,92.0,92.0,92.0,92.0,92.0,92.0,92.0
00:00:14:470,92,64.0,57.0,81.0,27700.0,0.0,0.0,27800.0,0.0,0.0,212.0,-7.0,31.0,-38.0,27.0,30.0,30.0,0.0,30.0,-30.0,3.0,3.0,100.0,65.0,40.0,18.0,8.0,93.0,17.0,10.0,59.0,54.0,12.0,39.0,92.0,92.0,92.0,92.0,92.0,92.0,92.0,92.0,92.0,92.0,92.0,92.0
00:00:14:521,92,64.0,57.0,81.0,27900.0,0.0,0.0,27800.0,0.0,0.0,212.0,-7.0,-49.0,-5.0,0.0,30.0,30.0,26.0,30.0,-30.0,3.0,3.0,100.0,65.0,40.0,18.0,8.0,93.0,17.0,10.0,59.0,54.0,12.0,39.0,92.0,92.0,92.0,92.0,92.0,92.0,92.0,92.0,92.0,92.0,92.0,92.0
00:00:14:567,92,95.0,49.0,34.0,27900.0,0.0,0.0,27800.0,0.0,0.0,212.0,-7.0,-49.0,-5.0,0.0,30.0,30.0,26.0,30.0,-30.0,3.0,3.0,91.0,73.0,16.0,99.0,64.0,12.0,26.0,0.0,45.0,97.0,71.0,33.0,92.0,92.0,92.0,92.0,92.0,92.0,92.0,92.0,92.0,92.0,92.0,92.0
00:00:14:573,92,95.0,49.0,34.0,27900.0,0.0,0.0,28000.0,0.0,0.0,199.0,-6.0,-49.0,-5.0,17.0,30.0,30.0,0.0,30.0,-30.0,3.0,3.0,91.0,73.0,16.0,99.0,64.0,12.0,26.0,0.0,45.0,97.0,71.0,33.0,92.0,92.0,92.0,92.0,92.0,92.0,92.0,92.0,92.0,92.0,92.0,92.0
00:00:14:626,92,95.0,49.0,34.0,28100.0,0.0,0.0,28000.0,0.0,0.0,199.0,-6.0,134.0,61.0,0.0,30.0,30.0,28.0,30.0,-30.0,3.0,3.0,91.0,73.0,16.0,99.0,64.0,12.0,26.0,0.0,45.0,97.0,71.0,33.0,92.0,92.0,92.0,92.0,92.0,92.0,92.0,92.0,92.0,92.0,92.0,92.0
00:00:14:679,92,95.0,49.0,34.0,28100.0,0.0,0.0,28200.0,0.0,0.0,-47.0,-32.0,134.0,61.0,27.0,30.0,30.0,0.0,30.0,-30.0,3.0,3.0,91.0,73.0,16.0,99.0,64.0,12.0,26.0,0.0,45.0,97.0,71.0,33.0,92.0,92.0,92.0,92.0,92.0,92.0,92.0,92.0,92.0,92.0,92.0,92.0
00:00:14:733,92,95.0,49.0,34.0,28300.0,0.0,0.0,28200.0,0.0,0.0,-47.0,-32.0,126.0,-63.0,0.0,30.0,30.0,30.0,30.0,-30.0,3.0,3.0,91.0,73.0,16.0,99.0,64.0,12.0,26.0,0.0,45.0,97.0,71.0,33.0,92.0,92.0,92.0,92.0,92.0,92.0,92.0,92.0,92.0,92.0,92.0,92.0
00:00:14:784,92,95.0,49.0,34.0,28300.0,0.0,0.0,28400.0,0.0,0.0,-6.0,-15.0,126.0,-63.0,19.0,30.0,30.0,0.0,30.0,-30.0,3.0,3.0,91.0,73.0,16.0,99.0,64.0,12.0,26.0,0.0,45.0,97.0,71.0,33.0,92.0,92.0,92.0,92.0,92.0,92.0,92.0,92.0,92.0,92.0,92.0,92.0
00:00:14:837,92,95.0,49.0,34.0,28500.0,0.0,0.0,28400.0,0.0,0.0,-6.0,-15.0,135.0,51.0,0.0,30.0,30.0,30.0,30.0,-30.0,3.0,3.0,91.0,73.0,16.0,99.0,64.0,12.0,26.0,0.0,45.0,97.0,71.0,33.0,92.0,92.0,92.0,92.0,92.0,92.0,92.0,92.0,92.0,92.0,92.0,92.0
00:00:14:889,92,95.0,49.0,34.0,28500.0,0.0,0.0,28600.0,0.0,0.0,85.0,13.0,135.0,51.0,30.0,30.0,30.0,0.0,30.0,-30.0,3.0,3.0,91.0,73.0,16.0,99.0,64.0,12.0,26.0,0.0,45.0,97.0,71.0,33.0,92.0,92.0,92.0,92.0,92.0,92.0,92.0,92.0,92.0,92.0,92.0,92.0
00:00:14:941,92,95.0,49.0,34.0,28700.0,0.0,0.0,28600.0,0.0,0.0,85.0,13.0,34.0,-22.0,0.0,30.0,30.0,16.0,30.0,-30.0,3.0,3.0,91.0,73.0,16.0,99.0,64.0,12.0,26.0,0.0,45.0,97.0,71.0,33.0,92.0,92.0,92.0,92.0,92.0,92.0,92.0,92.0,92.0,92.0,92.0,92.0
00:00:14:994,92,95.0,49.0,34.0,28700.0,0.0,0.0,28800.0,0.0,0.0,-43.0,79.0,34.0,-22.0,24.0,30.0,30.0,0.0,30.0,-30.0,3.0,3.0,91.0,73.0,16.0,99.0,64.0,12.0,26.0,0.0,45.0,97.0,71.0,33.0,92.0,92.0,92.0,92.0,92.0,92.0,92.0,92.0,92.0,92.0,92.0,92.0
00:00:15:046,92,95.0,49.0,34.0,28900.0,0.0,0.0,28800.0,0.0,0.0,-43.0,79.0,188.0,2.0,0.0,30.0,30.0,14.0,30.0,-30.0,3.0,3.0,91.0,73.0,16.0,99.0,64.0,12.0,26.0,0.0,45.0,97.0,71.0,33.0,92.0,92.0,92.0,92.0,92.0,92.0,92.0,92.0,92.0,92.0,92.0,92.0
00:00:15:070,92,35.0,15.0,58.0,28900.0,0.0,0.0,28800.0,0.0,0.0,-43.0,79.0,188.0,2.0,0.0,30.0,30.0,14.0,30.0,-30.0,3.0,3.0,56.0,56.0,14.0,53.0,82.0,100.0,17.0,78.0,0.0,10.0,93.0,46.0,92.0,92.0,92.0,92.0,92.0,92.0,92.0,92.0,92.0,92.0,92.0,92.0
00:00:15:100,92,35.0,15.0,58.0,28900.0,0.0,0.0,29000.0,0.0,0.0,-36.0,-51.0,188.0,2.0,15.0,30.0,30.0,0.0,30.0,-30.0,3.0,3.0,56.0,56.0,14.0,53.0,82.0,100.0,17.0,78.0,0.0,10.0,93.0,46.0,92.0,92.0,92.0,92.0,92.0,92.0,92.0,92.0,92.0,92.0,92.0,92.0
00:00:15:152,92,35.0,15.0,58.0,29100.0,0.0,0.0,29000.0,0.0,0.0,-36.0,-51.0,180.0,50.0,0.0,30.0,30.0,20.0,30.0,-30.0,3.0,3.0,56.0,56.0,14.0,53.0,82.0,100.0,17.0,78.0,0.0,10.0,93.0,46.0,92.0,92.0,92.0,92.0,92.0,92.0,92.0,92.0,92.0,92.0,92.0,92.0
00:00:15:205,92,35.0,15.0,58.0,29100.0,0.0,0.0,29200.0,0.0,0.0,-3.0,14.0,180.0,50.0,20.0,30.0,30.0,0.0,30.0,-30.0,3.0,3.0,56.0,56.0,14.0,53.0,82.0,100.0,17.0,78.0,0.0,10.0,93.0,46.0,92.0,92.0,92.0,92.0,92.0,92.0,92.0,92.0,92.0,92.0,92.0,92.0
00:00:15:257,92,35.0,15.0,58.0,29300.0,0.0,0.0,29200.0,0.0,0.0,-3.0,14.0,224.0,-55.0,0.0,30.0,30.0,20.0,30.0,-30.0,3.0,3.0,56.0,56.0,14.0,53.0,82.0,100.0,17.0,78.0,0.0,10.0,93.0,46.0,92.0,92.0,92.0,92.0,92.0,92.0,92.0,92.0,92.0,92.0,92.0,92.0
00:00:15:310,92,35.0,15.0,58.0,29300.0,0.0,0.0,29400.0,0.0,0.0,-48.0,24.0,224.0,-55.0,16.0,30.0,30.0,0.0,30.0,-30.0,3.0,3.0,56.0,56.0,14.0,53.0,82.0,100.0,17.0,78.0,0.0,10.0,93.0,46.0,92.0,92.0,92.0,92.0,92.0,92.0,92.0,92.0,92.0,92.0,92.0,92.0
00:00:15:362,92,35.0,15.0,58.0,29500.0,0.0,0.0,29400.0,0.0,0.0,-48.0,24.0,-61.0,-34.0,0.0,30.0,30.0,14.0,30.0,-30.0,3.0,3.0,56.0,56.0,14.0,53.0,82.0,100.0,17.0,78.0,0.0,10.0,93.0,46.0,92.0,92.0,92.0,92.0,92.0,92.0,92.0,92.0,92.0,92.0,92.0,92.0
00:00:15:413,92,35.0,15.0,58.0,29500.0,0.0,0.0,29600.0,0.0,0.0,98.0,-52.0,-61.0,-34.0,16.0,30.0,30.0,0.0,30.0,-30.0,3.0,3.0,56.0,56.0,14.0,53.0,82.0,100.0,17.0,78.0,0.0,10.0,93.0,46.0,92.0,92.0,92.0,92.0,92.0,92.0,92.0,92.0,92.0,92.0,92.0,92.0
00:00:15:467,92,35.0,15.0,58.0,29700.0,0.0,0.0,29600.0,0.0,0.0,98.0,-52.0,13.0,50.0,0.0,30.0,30.0,19.0,30.0,-30.0,3.0,3.0,56.0,56.0,14.0,53.0,82.0,100.0,17.0,78.0,0.0,10.0,93.0,46.0,92.0,92.0,92.0,92.0,92.0,92.0,92.0,92.0,92.0,92.0,92.0,92.0
00:00:15:518,92,35.0,15.0,58.0,29700.0,0.0,0.0,29800.0,0.0,0.0,-38.0,60.0,13.0,50.0,23.0,30.0,30.0,0.0,30.0,-30.0,3.0,3.0,56.0,56.0,14.0,53.0,82.0,100.0,17.0,78.0,0.0,10.0,93.0,46.0,92.0,92.0,92.0,92.0,92.0,92.0,92.0,92.0,92.0,92.0,92.0,92.0
00:00:15:569,92,35.0,15.0,58.0,29900.0,0.0,0.0,29800.0,0.0,0.0,-38.0,60.0,72.0,-49.0,0.0,30.0,30.0,30.0,30.0,-30.0,3.0,3.0,56.0,56.0,14.0,53.0,82.0,100.0,17.0,78.0,0.0,10.0,93.0,46.0,92.0,92.0,92.0,92.0,92.0,92.0,92.0,92.0,92.0,92.0,92.0,92.0
00:00:15:588,92,94.0,86.0,51.0,29900.0,0.0,0.0,29800.0,0.0,0.0,-38.0,60.0,72.0,-49.0,0.0,30.0,30.0,30.0,30.0,-30.0,3.0,3.0,37.0,15.0,48.0,70.0,59.0,58.0,99.0,79.0,41.0,89.0,17.0,90.0,92.0,92.0,92.0,92.0,92.0,92.0,92.0,92.0,92.0,92.0,92.0,92.0
00:00:15:624,92,94.0,86.0,51.0,29900.0,0.0,0.0,30000.0,0.0,0.0,189.0,-50.0,72.0,-49.0,14.0,30.0,30.0,0.0,30.0,-30.0,3.0,3.0,37.0,15.0,48.0,70.0,59.0,58.0,99.0,79.0,41.0,89.0,17.0,90.0,92.0,92.0,92.0,92.0,92.0,92.0,92.0,92.0,92.0,92.0,92.0,92.0
00:00:15:674,92,94.0,86.0,51.0,30100.0,0.0,0.0,30000.0,0.0,0.0,189.0,-50.0,-76.0,18.0,0.0,30.0,30.0,19.0,30.0,-30.0,3.0,3.0,37.0,15.0,48.0,70.0,59.0,58.0,99.0,79.0,41.0,89.0,17.0,90.0,92.0,92.0,92.0,92.0,92.0,92.0,92.0,92.0,92.0,92.0,92.0,92.0
00:00:15:726,92,94.0,86.0,51.0,30100.0,0.0,0.0,30200.0,0.0,0.0,70.0,-59.0,-76.0,18.0,19.0,30.0,30.0,0.0,30.0,-30.0,3.0,3.0,37.0,15.0,48.0,70.0,59.0,58.0,99.0,79.0,41.0,89.0,17.0,90.0,92.0,92.0,92.0,92.0,92.0,92.0,92.0,92.0,92.0,92.0,92.0,92.0
00:00:15:779,92,94.0,86.0,51.0,30300.0,0.0,0.0,30200.0,0.0,0.0,70.0,-59.0,-55.0,-46.0,0.0,30.0,30.0,18.0,30.0,-30.0,3.0,3.0,37.0,15.0,48.0,70.0,59.0,58.0,99.0,79.0,41.0,89.0,17.0,90.0,92.0,92.0,92.0,92.0,92.0,92.0,92.0,92.0,92.0,92.0,92.0,92.0
00:00:15:831,92,94.0,86.0,51.0,30300.0,0.0,0.0,30400.0,0.0,0.0,-31.0,-72.0,-55.0,-46.0,26.0,30.0,30.0,0.0,30.0,-30.0,3.0,3.0,37.0,15.0,48.0,70.0,59.0,58.0,99.0,79.0,41.0,89.0,17.0,90.0,92.0,92.0,92.0,92.0,92.0,92.0,92.0,92.0,92.0,92.0,92.0,92.0
00:00:15:882,92,94.0,86.0,51.0,30500.0,0.0,0.0,30400.0,0.0,0.0,-31.0,-72.0,-79.0,-37.0,0.0,30.0,30.0,13.0,30.0,-30.0,3.0,3.0,37.0,15.0,48.0,70.0,59.0,58.0,99.0,79.0,41.0,89.0,17.0,90.0,92.0,92.0,92.0,92.0,92.0,92.0,92.0,92.0,92.0,92.0,92.0,92.0
00:00:15:934,92,94.0,86.0,51.0,30500.0,0.0,0.0,30600.0,0.0,0.0,133.0,38.0,-79.0,-37.0,16.0,30.0,30.0,0.0,30.0,-30.0,3.0,3.0,37.0,15.0,48.0,70.0,59.0,58.0,99.0,79.0,41.0,89.0,17.0,90.0,92.0,92.0,92.0,92.0,92.0,92.0,92.0,92.0,92.0,92.0,92.0,92.0
00:00:15:987,92,94.0,86.0,51.0,30700.0,0.0,0.0,30600.0,0.0,0.0,133.0,38.0,54.0,-41.0,0.0,30.0,30.0,20.0,30.0,-30.0,3.0,3.0,37.0,15.0,48.0,70.0,59.0,58.0,99.0,79.0,41.0,89.0,17.0,90.0,92.0,92.0,92.0,92.0,92.0,92.0,92.0,92.0,92.0,92.0,92.0,92.0
00:00:16:019,91,94.0,86.0,51.0,30700.0,0.0,0.0,30600.0,0.0,0.0,133.0,38.0,54.0,-41.0,0.0,30.0,30.0,20.0,30.0,-30.0,3.0,3.0,37.0,15.0,48.0,70.0,59.0,58.0,99.0,79.0,41.0,89.0,17.0,90.0,91.0,91.0,91.0,91.0,91.0,91.0,91.0,91.0,91.0,91.0,91.0,91.0
00:00:16:043,91,94.0,86.0,51.0,30700.0,0.0,0.0,30800.0,0.0,0.0,88.0,-44.0,54.0,-41.0,19.0,30.0,30.0,0.0,30.0,-30.0,3.0,3.0,37.0,15.0,48.0,70.0,59.0,58.0,99.0,79.0,41.0,89.0,17.0,90.0,91.0,91.0,91.0,91.0,91.0,91.0,91.0,91.0,91.0,91.0,91.0,91.0
00:00:16:079,91,75.0,48.0,49.0,30700.0,0.0,0.0,30800.0,0.0,0.0,88.0,-44.0,54.0,-41.0,19.0,30.0,30.0,0.0,30.0,-30.0,3.0,3.0,13.0,31.0,89.0,45.0,99.0,39.0,24.0,21.0,80.0,53.0,60.0,57.0,91.0,91.0,91.0,91.0,91.0,91.0,91.0,91.0,91.0,91.0,91.0,91.0
00:00:16:103,91,75.0,48.0,49.0,30900.0,0.0,0.0,30800.0,0.0,0.0,88.0,-44.0,183.0,10.0,0.0,30.0,30.0,17.0,30.0,-30.0,3.0,3.0,13.0,31.0,89.0,45.0,99.0,39.0,24.0,21.0,80.0,53.0,60.0,57.0,91.0,91.0,91.0,91.0,91.0,91.0,91.0,91.0,91.0,91.0,91.0,91.0
00:00:16:149,91,75.0,48.0,49.0,30900.0,0.0,0.0,31000.0,0.0,0.0,106.0,-73.0,183.0,10.0,21.0,30.0,30.0,0.0,30.0,-30.0,3.0,3.0,13.0,31.0,89.0,45.0,99.0,39.0,24.0,21.0,80.0,53.0,60.0,57.0,91.0,91.0,91.0,91.0,91.0,91.0,91.0,91.0,91.0,91.0,91.0,91.0
00:00:16:201,91,75.0,48.0,49.0,31100.0,0.0,0.0,31000.0,0.0,0.0,106.0,-73.0,18.0,-72.0,0.0,30.0,30.0,16.0,30.0,-30.0,3.0,3.0,13.0,31.0,89.0,45.0,99.0,39.0,24.0,21.0,80.0,53.0,60.0,57.0,91.0,91.0,91.0,91.0,91.0,91.0,91.0,91.0,91.0,91.0,91.0,91.0
00:00:16:254,91,75.0,48.0,49.0,31100.0,0.0,0.0,31200.0,0.0,0.0,212.0,-43.0,18.0,-72.0,10.0,30.0,30.0,0.0,30.0,-30.0,3.0,3.0,13.0,31.0,89.0,45.0,99.0,39.0,24.0,21.0,80.0,53.0,60.0,57.0,91.0,91.0,91.0,91.0,91.0,91.0,91.0,91.0,91.0,91.0,91.0,91.0
00:00:16:365,91,75.0,48.0,49.0,31300.0,0.0,0.0,31200.0,0.0,0.0,212.0,-43.0,-42.0,55.0,0.0,30.0,30.0,23.0,30.0,-30.0,3.0,3.0,13.0,31.0,89.0,45.0,99.0,39.0,24.0,21.0,80.0,53.0,60.0,57.0,91.0,91.0,91.0,91.0,91.0,91.0,91.0,91.0,91.0,91.0,91.0,91.0
00:00:16:418,91,75.0,48.0,49.0,31300.0,0.0,0.0,31400.0,0.0,0.0,203.0,12.0,-42.0,55.0,10.0,30.0,30.0,0.0,30.0,-30.0,3.0,3.0,13.0,31.0,89.0,45.0,99.0,39.0,24.0,21.0,80.0,53.0,60.0,57.0,91.0,91.0,91.0,91.0,91.0,91.0,91.0,91.0,91.0,91.0,91.0,91.0
00:00:16:470,91,75.0,48.0,49.0,31500.0,0.0,0.0,31400.0,0.0,0.0,203.0,12.0,-4.0,-54.0,0.0,30.0,30.0,28.0,30.0,-30.0,3.0,3.0,13.0,31.0,89.0,45.0,99.0,39.0,24.0,21.0,80.0,53.0,60.0,57.0,91.0,91.0,91.0,91.0,91.0,91.0,91.0,91.0,91.0,91.0,91.0,91.0
00:00:16:528,91,75.0,48.0,49.0,31500.0,0.0,0.0,31600.0,0.0,0.0,-21.0,-8.0,-4.0,-54.0,29.0,30.0,30.0,0.0,30.0,-30.0,3.0,3.0,13.0,31.0,89.0,45.0,99.0,39.0,24.0,21.0,80.0,53.0,60.0,57.0,91.0,91.0,91.0,91.0,91.0,91.0,91.0,91.0,91.0,91.0,91.0,91.0
00:00:16:578,91,92.0,6.0,89.0,31500.0,0.0,0.0,31600.0,0.0,0.0,-21.0,-8.0,-4.0,-54.0,29.0,30.0,30.0,0.0,30.0,-30.0,3.0,3.0,97.0,90.0,59.0,55.0,91.0,21.0,13.0,31.0,54.0,6.0,47.0,47.0,91.0,91.0,91.0,91.0,91.0,91.0,91.0,91.0,91.0,91.0,91.0,91.0
00:00:16:579,91,92.0,6.0,89.0,31700.0,0.0,0.0,31600.0,0.0,0.0,-21.0,-8.0,178.0,-44.0,0.0,30.0,30.0,12.0,30.0,-30.0,3.0,3.0,97.0,90.0,59.0,55.0,91.0,21.0,13.0,31.0,54.0,6.0,47.0,47.0,91.0,91.0,91.0,91.0,91.0,91.0,91.0,91.0,91.0,91.0,91.0,91.0
00:00:16:630,91,92.0,6.0,89.0,31700.0,0.0,0.0,31800.0,0.0,0.0,106.0,-26.0,178.0,-44.0,30.0,30.0,30.0,0.0,30.0,-30.0,3.0,3.0,97.0,90.0,59.0,55.0,91.0,21.0,13.0,31.0,54.0,6.0,47.0,47.0,91.0,91.0,91.0,91.0,91.0,91.0,91.0,91.0,91.0,91.0,91.0,91.0
00:00:16:682,91,92.0,6.0,89.0,31900.0,0.0,0.0,31800.0,0.0,0.0,106.0,-26.0,52.0,49.0,0.0,30.0,30.0,16.0,30.0,-30.0,3.0,3.0,97.0,90.0,59.0,55.0,91.0,21.0,13.0,31.0,54.0,6.0,47.0,47.0,91.0,91.0,91.0,91.0,91.0,91.0,91.0,91.0,91.0,91.0,91.0,91.0
00:00:16:734,91,92.0,6.0,89.0,31900.0,0.0,0.0,32000.0,0.0,0.0,206.0,-57.0,52.0,49.0,10.0,30.0,30.0,0.0,30.0,-30.0,3.0,3.0,97.0,90.0,59.0,55.0,91.0,21.0,13.0,31.0,54.0,6.0,47.0,47.0,91.0,91.0,91.0,91.0,91.0,91.0,91.0,91.0,91.0,91.0,91.0,91.0
00:00:16:786,91,92.0,6.0,89.0,32100.0,0.0,0.0,32000.0,0.0,0.0,206.0,-57.0,158.0,-57.0,0.0,30.0,30.0,19.0,30.0,-30.0,3.0,3.0,97.0,90.0,59.0,55.0,91.0,21.0,13.0,31.0,54.0,6.0,47.0,47.0,91.0,91.0,91.0,91.0,91.0,91.0,91.0,91.0,91.0,91.0,91.0,91.0
00:00:16:838,91,92.0,6.0,89.0,32100.0,0.0,0.0,32200.0,0.0,0.0,232.0,61.0,158.0,-57.0,10.0,30.0,30.0,0.0,30.0,-30.0,3.0,3.0,97.0,90.0,59.0,55.0,91.0,21.0,13.0,31.0,54.0,6.0,47.0,47.0,91.0,91.0,91.0,91.0,91.0,91.0,91.0,91.0,91.0,91.0,91.0,91.0
00:00:16:890,91,92.0,6.0,89.0,32300.0,0.0,0.0,32200.0,0.0,0.0,232.0,61.0,213.0,-4.0,0.0,30.0,30.0,11.0,30.0,-30.0,3.0,3.0,97.0,90.0,59.0,55.0,91.0,21.0,13.0,31.0,54.0,6.0,47.0,47.0,91.0,91.0,91.0,91.0,91.0,91.0,91.0,91.0,91.0,91.0,91.0,91.0
00:00:16:942,91,92.0,6.0,89.0,32300.0,0.0,0.0,32400.0,0.0,0.0,-44.0,41.0,213.0,-4.0,16.0,30.0,30.0,0.0,30.0,-30.0,3.0,3.0,97.0,90.0,59.0,55.0,91.0,21.0,13.0,31.0,54.0,6.0,47.0,47.0,91.0,91.0,91.0,91.0,91.0,91.0,91.0,91.0,91.0,91.0,91.0,91.0
00:00:16:994,91,92.0,6.0,89.0,32500.0,0.0,0.0,32400.0,0.0,0.0,-44.0,41.0,-34.0,-38.0,0.0,30.0,30.0,15.0,30.0,-30.0,3.0,3.0,97.0,90.0,59.0,55.0,91.0,21.0,13.0,31.0,54.0,6.0,47.0,47.0,91.0,91.0,91.0,91.0,91.0,91.0,91.0,91.0,91.0,91.0,91.0,91.0
00:00:17:047,91,92.0,6.0,89.0,32500.0,0.0,0.0,32600.0,0.0,0.0,22.0,-40.0,-34.0,-38.0,11.0,30.0,30.0,0.0,30.0,-30.0,3.0,3.0,97.0,90.0,59.0,55.0,91.0,21.0,13.0,31.0,54.0,6.0,47.0,47.0,91.0,91.0,91.0,91.0,91.0,91.0,91.0,91.0,91.0,91.0,91.0,91.0
00:00:17:080,91,94.0,24.0,36.0,32500.0,0.0,0.0,32600.0,0.0,0.0,22.0,-40.0,-34.0,-38.0,11.0,30.0,30.0,0.0,30.0,-30.0,3.0,3.0,95.0,7.0,36.0,61.0,66.0,25.0,47.0,88.0,5.0,50.0,98.0,73.0,91.0,91.0,91.0,91.0,91.0,91.0,91.0,91.0,91.0,91.0,91.0,91.0
00:00:17:101,91,94.0,24.0,36.0,32700.0,0.0,0.0,32600.0,0.0,0.0,22.0,-40.0,64.0,43.0,0.0,30.0,30.0,12.0,30.0,-30.0,3.0,3.0,95.0,7.0,36.0,61.0,66.0,25.0,47.0,88.0,5.0,50.0,98.0,73.0,91.0,91.0,91.0,91.0,91.0,91.0,91.0,91.0,91.0,91.0,91.0,91.0
00:00:17:152,91,94.0,24.0,36.0,32700.0,0.0,0.0,32800.0,0.0,0.0,224.0,-28.0,64.0,43.0,23.0,30.0,30.0,0.0,30.0,-30.0,3.0,3.0,95.0,7.0,36.0,61.0,66.0,25.0,47.0,88.0,5.0,50.0,98.0,73.0,91.0,91.0,91.0,91.0,91.0,91.0,91.0,91.0,91.0,91.0,91.0,91.0
00:00:17:204,91,94.0,24.0,36.0,32900.0,0.0,0.0,32800.0,0.0,0.0,224.0,-28.0,111.0,-23.0,0.0,30.0,30.0,18.0,30.0,-30.0,3.0,3.0,95.0,7.0,36.0,61.0,66.0,25.0,47.0,88.0,5.0,50.0,98.0,73.0,91.0,91.0,91.0,91.0,91.0,91.0,91.0,91.0,91.0,91.0,91.0,91.0
00:00:17:256,91,94.0,24.0,36.0,32900.0,0.0,0.0,33000.0,0.0,0.0,68.0,20.0,111.0,-23.0,17.0,30.0,30.0,0.0,30.0,-30.0,3.0,3.0,95.0,7.0,36.0,61.0,66.0,25.0,47.0,88.0,5.0,50.0,98.0,73.0,91.0,91.0,91.0,91.0,91.0,91.0,91.0,91.0,91.0,91.0,91.0,91.0
00:00:17:307,91,94.0,24.0,36.0,33100.0,0.0,0.0,33000.0,0.0,0.0,68.0,20.0,98.0,-17.0,0.0,30.0,30.0,17.0,30.0,-30.0,3.0,3.0,95.0,7.0,36.0,61.0,66.0,25.0,47.0,88.0,5.0,50.0,98.0,73.0,91.0,91.0,91.0,91.0,91.0,91.0,91.0,91.0,91.0,91.0,91.0,91.0
00:00:17:359,91,94.0,24.0,36.0,33100.0,0.0,0.0,33200.0,0.0,0.0,160.0,-36.0,98.0,-17.0,27.0,30.0,30.0,0.0,30.0,-30.0,3.0,3.0,95.0,7.0,36.0,61.0,66.0,25.0,47.0,88.0,5.0,50.0,98.0,73.0,91.0,91.0,91.0,91.0,91.0,91.0,91.0,91.0,91.0,91.0,91.0,91.0
00:00:17:411,91,94.0,24.0,36.0,33300.0,0.0,0.0,33200.0,0.0,0.0,160.0,-36.0,143.0,-64.0,0.0,30.0,30.0,26.0,30.0,-30.0,3.0,3.0,95.0,7.0,36.0,61.0,66.0,25.0,47.0,88.0,5.0,50.0,98.0,73.0,91.0,91.0,91.0,91.0,91.0,91.0,91.0,91.0,91.0,91.0,91.0,91.0
00:00:17:464,91,94.0,24.0,36.0,33300.0,0.0,0.0,33400.0,0.0,0.0,192.0,-4.0,143.0,-64.0,13.0,30.0,30.0,0.0,30.0,-30.0,3.0,3.0,95.0,7.0,36.0,61.0,66.0,25.0,47.0,88.0,5.0,50.0,98.0,73.0,91.0,91.0,91.0,91.0,91.0,91.0,91.0,91.0,91.0,91.0,91.0,91.0
00:00:17:516,91,94.0,24.0,36.0,33500.0,0.0,0.0,33400.0,0.0,0.0,192.0,-4.0,35.0,-77.0,0.0,30.0,30.0,28.0,30.0,-30.0,3.0,3.0,95.0,7.0,36.0,61.0,66.0,25.0,47.0,88.0,5.0,50.0,98.0,73.0,91.0,91.0,91.0,91.0,91.0,91.0,91.0,91.0,91.0,91.0,91.0,91.0
00:00:17:567,91,94.0,24.0,36.0,33500.0,0.0,0.0,33600.0,0.0,0.0,153.0,-55.0,35.0,-77.0,29.0,30.0,30.0,0.0,30.0,-30.0,3.0,3.0,95.0,7.0,36.0,61.0,66.0,25.0,47.0,88.0,5.0,50.0,98.0,73.0,91.0,91.0,91.0,91.0,91.0,91.0,91.0,91.0,91.0,91.0,91.0,91.0
00:00:17:582,91,34.0,56.0,7.0,33500.0,0.0,0.0,33600.0,0.0,0.0,153.0,-55.0,35.0,-77.0,29.0,30.0,30.0,0.0,30.0,-30.0,3.0,3.0,43.0,84.0,15.0,34.0,57.0,18.0,48.0,87.0,3.0,99.0,79.0,88.0,91.0,91.0,91.0,91.0,91.0,91.0,91.0,91.0,91.0,91.0,91.0,91.0
00:00:17:620,91,34.0,56.0,7.0,33700.0,0.0,0.0,33600.0,0.0,0.0,153.0,-55.0,-73.0,9.0,0.0,30.0,30.0,11.0,30.0,-30.0,3.0,3.0,43.0,84.0,15.0,34.0,57.0,18.0,48.0,87.0,3.0,99.0,79.0,88.0,91.0,91.0,91.0,91.0,91.0,91.0,91.0,91.0,91.0,91.0,91.0,91.0
00:00:17:672,91,34.0,56.0,7.0,33700.0,0.0,0.0,33800.0,0.0,0.0,149.0,38.0,-73.0,9.0,19.0,30.0,30.0,0.0,30.0,-30.0,3.0,3.0,43.0,84.0,15.0,34.0,57.0,18.0,48.0,87.0,3.0,99.0,79.0,88.0,91.0,91.0,91.0,91.0,91.0,91.0,91.0,91.0,91.0,91.0,91.0,91.0
00:00:17:724,91,34.0,56.0,7.0,33900.0,0.0,0.0,33800.0,0.0,0.0,149.0,38.0,15.0,62.0,0.0,30.0,30.0,28.0,30.0,-30.0,3.0,3.0,43.0,84.0,15.0,34.0,57.0,18.0,48.0,87.0,3.0,99.0,79.0,88.0,91.0,91.0,91.0,91.0,91.0,91.0,91.0,91.0,91.0,91.0,91.0,91.0
00:00:17:776,91,34.0,56.0,7.0,33900.0,0.0,0.0,34000.0,0.0,0.0,59.0,79.0,15.0,62.0,22.0,30.0,30.0,0.0,30.0,-30.0,3.0,3.0,43.0,84.0,15.0,34.0,57.0,18.0,48.0,87.0,3.0,99.0,79.0,88.0,91.0,91.0,91.0,91.0,91.0,91.0,91.0,91.0,91.0,91.0,91.0,91.0
00:00:17:828,91,34.0,56.0,7.0,34100.0,0.0,0.0,34000.0,0.0,0.0,59.0,79.0,212.0,7.0,0.0,30.0,30.0,13.0,30.0,-30.0,3.0,3.0,43.0,84.0,15.0,34.0,57.0,18.0,48.0,87.0,3.0,99.0,79.0,88.0,91.0,91.0,91.0,91.0,91.0,91.0,91.0,91.0,91.0,91.0,91.0,91.0
00:00:17:879,91,34.0,56.0,7.0,34100.0,0.0,0.0,34200.0,0.0,0.0,-32.0,74.0,212.0,7.0,13.0,30.0,30.0,0.0,30.0,-30.0,3.0,3.0,43.0,84.0,15.0,34.0,57.0,18.0,48.0,87.0,3.0,99.0,79.0,88.0,91.0,91.0,91.0,91.0,91.0,91.0,91.0,91.0,91.0,91.0,91.0,91.0
00:00:17:932,91,34.0,56.0,7.0,34300.0,0.0,0.0,34200.0,0.0,0.0,-32.0,74.0,1.0,40.0,0.0,30.0,30.0,19.0,30.0,-30.0,3.0,3.0,43.0,84.0,15.0,34.0,57.0,18.0,48.0,87.0,3.0,99.0,79.0,88.0,91.0,91.0,91.0,91.0,91.0,91.0,91.0,91.0,91.0,91.0,91.0,91.0
00:00:17:984,91,34.0,56.0,7.0,34300.0,0.0,0.0,34400.0,0.0,0.0,168.0,-36.0,1.0,40.0,21.0,30.0,30.0,0.0,30.0,-30.0,3.0,3.0,43.0,84.0,15.0,34.0,57.0,18.0,48.0,87.0,3.0,99.0,79.0,88.0,91.0,91.0,91.0,91.0,91.0,91.0,91.0,91.0,91.0,91.0,91.0,91.0
00:00:18:021,90,34.0,56.0,7.0,34300.0,0.0,0.0,34400.0,0.0,0.0,168.0,-36.0,1.0,40.0,21.0,30.0,30.0,0.0,30.0,-30.0,3.0,3.0,43.0,84.0,15.0,34.0,57.0,18.0,48.0,87.0,3.0,99.0,79.0,88.0,90.0,90.0,90.0,90.0,90.0,90.0,90.0,90.0,90.0,90.0,90.0,90.0
00:00:18:041,90,34.0,56.0,7.0,34500.0,0.0,0.0,34400.0,0.0,0.0,168.0,-36.0,68.0,-45.0,0.0,30.0,30.0,23.0,30.0,-30.0,3.0,3.0,43.0,84.0,15.0,34.0,57.0,18.0,48.0,87.0,3.0,99.0,79.0,88.0,90.0,90.0,90.0,90.0,90.0,90.0,90.0,90.0,90.0,90.0,90.0,90.0
00:00:18:104,90,27.0,24.0,0.0,34500.0,0.0,0.0,34400.0,0.0,0.0,168.0,-36.0,68.0,-45.0,0.0,30.0,30.0,23.0,30.0,-30.0,3.0,3.0,52.0,1.0,62.0,57.0,65.0,80.0,6.0,69.0,99.0,93.0,3.0,51.0,90.0,90.0,90.0,90.0,90.0,90.0,90.0,90.0,90.0,90.0,90.0,90.0
00:00:18:111,90,27.0,24.0,0.0,34500.0,0.0,0.0,34600.0,0.0,0.0,-49.0,58.0,68.0,-45.0,20.0,30.0,30.0,0.0,30.0,-30.0,3.0,3.0,52.0,1.0,62.0,57.0,65.0,80.0,6.0,69.0,99.0,93.0,3.0,51.0,90.0,90.0,90.0,90.0,90.0,90.0,90.0,90.0,90.0,90.0,90.0,90.0
00:00:18:178,90,27.0,24.0,0.0,34700.0,0.0,0.0,34600.0,0.0,0.0,-49.0,58.0,-78.0,-61.0,0.0,30.0,30.0,20.0,30.0,-30.0,3.0,3.0,52.0,1.0,62.0,57.0,65.0,80.0,6.0,69.0,99.0,93.0,3.0,51.0,90.0,90.0,90.0,90.0,90.0,90.0,90.0,90.0,90.0,90.0,90.0,90.0
00:00:18:230,90,27.0,24.0,0.0,34700.0,0.0,0.0,34800.0,0.0,0.0,221.0,-29.0,-78.0,-61.0,11.0,30.0,30.0,0.0,30.0,-30.0,3.0,3.0,52.0,1.0,62.0,57.0,65.0,80.0,6.0,69.0,99.0,93.0,3.0,51.0,90.0,90.0,90.0,90.0,90.0,90.0,90.0,90.0,90.0,90.0,90.0,90.0
00:00:18:281,90,27.0,24.0,0.0,34900.0,0.0,0.0,34800.0,0.0,0.0,221.0,-29.0,214.0,-33.0,0.0,30.0,30.0,22.0,30.0,-30.0,3.0,3.0,52.0,1.0,62.0,57.0,65.0,80.0,6.0,69.0,99.0,93.0,3.0,51.0,90.0,90.0,90.0,90.0,90.0,90.0,90.0,90.0,90.0,90.0,90.0,90.0
00:00:18:333,90,27.0,24.0,0.0,34900.0,0.0,0.0,35000.0,0.0,0.0,29.0,-71.0,214.0,-33.0,30.0,30.0,30.0,0.0,30.0,-30.0,3.0,3.0,52.0,1.0,62.0,57.0,65.0,80.0,6.0,69.0,99.0,93.0,3.0,51.0,90.0,90.0,90.0,90.0,90.0,90.0,90.0,90.0,90.0,90.0,90.0,90.0
00:00:18:385,90,27.0,24.0,0.0,35100.0,0.0,0.0,35000.0,0.0,0.0,29.0,-71.0,-1.0,-74.0,0.0,30.0,30.0,12.0,30.0,-30.0,3.0,3.0,52.0,1.0,62.0,57.0,65.0,80.0,6.0,69.0,99.0,93.0,3.0,51.0,90.0,90.0,90.0,90.0,90.0,90.0,90.0,90.0,90.0,90.0,90.0,90.0
00:00:18:436,90,27.0,24.0,0.0,35100.0,0.0,0.0,35200.0,0.0,0.0,228.0,-10.0,-1.0,-74.0,13.0,30.0,30.0,0.0,30.0,-30.0,3.0,3.0,52.0,1.0,62.0,57.0,65.0,80.0,6.0,69.0,99.0,93.0,3.0,51.0,90.0,90.0,90.0,90.0,90.0,90.0,90.0,90.0,90.0,90.0,90.0,90.0
00:00:18:489,90,27.0,24.0,0.0,35300.0,0.0,0.0,35200.0,0.0,0.0,228.0,-10.0,-66.0,10.0,0.0,30.0,30.0,23.0,30.0,-30.0,3.0,3.0,52.0,1.0,62.0,57.0,65.0,80.0,6.0,69.0,99.0,93.0,3.0,51.0,90.0,90.0,90.0,90.0,90.0,90.0,90.0,90.0,90.0,90.0,90.0,90.0
00:00:18:541,90,27.0,24.0,0.0,35300.0,0.0,0.0,35400.0,0.0,0.0,214.0,42.0,-66.0,10.0,12.0,30.0,30.0,0.0,30.0,-30.0,3.0,3.0,52.0,1.0,62.0,57.0,65.0,80.0,6.0,69.0,99.0,93.0,3.0,51.0,90.0,90.0,90.0,90.0,90.0,90.0,90.0,90.0,90.0,90.0,90.0,90.0
00:00:18:594,90,27.0,24.0,0.0,35500.0,0.0,0.0,35400.0,0.0,0.0,214.0,42.0,-6.0,-34.0,0.0,30.0,30.0,30.0,30.0,-30.0,3.0,3.0,52.0,1.0,62.0,57.0,65.0,80.0,6.0,69.0,99.0,93.0,3.0,51.0,90.0,90.0,90.0,90.0,90.0,90.0,90.0,90.0,90.0,90.0,90.0,90.0
00:00:18:610,90,29.0,81.0,59.0,35500.0,0.0,0.0,35400.0,0.0,0.0,214.0,42.0,-6.0,-34.0,0.0,30.0,30.0,30.0,30.0,-30.0,3.0,3.0,26.0,31.0,80.0,62.0,1.0,67.0,95.0,90.0,69.0,54.0,51.0,57.0,90.0,90.0,90.0,90.0,90.0,90.0,90.0,90.0,90.0,90.0,90.0,90.0
00:00:18:645,90,29.0,81.0,59.0,35500.0,0.0,0.0,35600.0,0.0,0.0,31.0,-17.0,-6.0,-34.0,10.0,30.0,30.0,0.0,30.0,-30.0,3.0,3.0,26.0,31.0,80.0,62.0,1.0,67.0,95.0,90.0,69.0,54.0,51.0,57.0,90.0,90.0,90.0,90.0,90.0,90.0,90.0,90.0,90.0,90.0,90.0,90.0
00:00:18:698,90,29.0,81.0,59.0,35700.0,0.0,0.0,35600.0,0.0,0.0,31.0,-17.0,191.0,57.0,0.0,30.0,30.0,18.0,30.0,-30.0,3.0,3.0,26.0,31.0,80.0,62.0,1.0,67.0,95.0,90.0,69.0,54.0,51.0,57.0,90.0,90.0,90.0,90.0,90.0,90.0,90.0,90.0,90.0,90.0,90.0,90.0
00:00:18:750,90,29.0,81.0,59.0,35700.0,0.0,0.0,35800.0,0.0,0.0,-42.0,47.0,191.0,57.0,18.0,30.0,30.0,0.0,30.0,-30.0,3.0,3.0,26.0,31.0,80.0,62.0,1.0,67.0,95.0,90.0,69.0,54.0,51.0,57.0,90.0,90.0,90.0,90.0,90.0,90.0,90.0,90.0,90.0,90.0,90.0,90.0
00:00:18:802,90,29.0,81.0,59.0,35900.0,0.0,0.0,35800.0,0.0,0.0,-42.0,47.0,140.0,-18.0,0.0,30.0,30.0,28.0,30.0,-30.0,3.0,3.0,26.0,31.0,80.0,62.0,1.0,67.0,95.0,90.0,69.0,54.0,51.0,57.0,90.0,90.0,90.0,90.0,90.0,90.0,90.0,90.0,90.0,90.0,90.0,90.0
00:00:18:855,90,29.0,81.0,59.0,35900.0,0.0,0.0,36000.0,0.0,0.0,221.0,-52.0,140.0,-18.0,10.0,30.0,30.0,0.0,30.0,-30.0,3.0,3.0,26.0,31.0,80.0,62.0,1.0,67.0,95.0,90.0,69.0,54.0,51.0,57.0,90.0,90.0,90.0,90.0,90.0,90.0,90.0,90.0,90.0,90.0,90.0,90.0
00:00:18:906,90,29.0,81.0,59.0,36100.0,0.0,0.0,36000.0,0.0,0.0,221.0,-52.0,-75.0,15.0,0.0,30.0,30.0,19.0,30.0,-30.0,3.0,3.0,26.0,31.0,80.0,62.0,1.0,67.0,95.0,90.0,69.0,54.0,51.0,57.0,90.0,90.0,90.0,90.0,90.0,90.0,90.0,90.0,90.0,90.0,90.0,90.0
00:00:18:958,90,29.0,81.0,59.0,36100.0,0.0,0.0,36200.0,0.0,0.0,-48.0,-10.0,-75.0,15.0,13.0,30.0,30.0,0.0,30.0,-30.0,3.0,3.0,26.0,31.0,80.0,62.0,1.0,67.0,95.0,90.0,69.0,54.0,51.0,57.0,90.0,90.0,90.0,90.0,90.0,90.0,90.0,90.0,90.0,90.0,90.0,90.0
00:00:19:010,90,29.0,81.0,59.0,36300.0,0.0,0.0,36200.0,0.0,0.0,-48.0,-10.0,133.0,7.0,0.0,30.0,30.0,22.0,30.0,-30.0,3.0,3.0,26.0,31.0,80.0,62.0,1.0,67.0,95.0,90.0,69.0,54.0,51.0,57.0,90.0,90.0,90.0,90.0,90.0,90.0,90.0,90.0,90.0,90.0,90.0,90.0
00:00:19:061,90,29.0,81.0,59.0,36300.0,0.0,0.0,36400.0,0.0,0.0,79.0,-69.0,133.0,7.0,25.0,30.0,30.0,0.0,30.0,-30.0,3.0,3.0,26.0,31.0,80.0,62.0,1.0,67.0,95.0,90.0,69.0,54.0,51.0,57.0,90.0,90.0,90.0,90.0,90.0,90.0,90.0,90.0,90.0,90.0,90.0,90.0
00:00:19:108,90,27.0,53.0,25.0,36300.0,0.0,0.0,36400.0,0.0,0.0,79.0,-69.0,133.0,7.0,25.0,30.0,30.0,0.0,30.0,-30.0,3.0,3.0,91.0,89.0,88.0,65.0,50.0,73.0,12.0,93.0,21.0,25.0,11.0,42.0,90.0,90.0,90.0,90.0,90.0,90.0,90.0,90.0,90.0,90.0,90.0,90.0
00:00:19:114,90,27.0,53.0,25.0,36500.0,0.0,0.0,36400.0,0.0,0.0,79.0,-69.0,-85.0,-16.0,0.0,30.0,30.0,28.0,30.0,-30.0,3.0,3.0,91.0,89.0,88.0,65.0,50.0,73.0,12.0,93.0,21.0,25.0,11.0,42.0,90.0,90.0,90.0,90.0,90.0,90.0,90.0,90.0,90.0,90.0,90.0,90.0
00:00:19:166,90,27.0,53.0,25.0,36500.0,0.0,0.0,36600.0,0.0,0.0,-33.0,24.0,-85.0,-16.0,10.0,30.0,30.0,0.0,30.0,-30.0,3.0,3.0,91.0,89.0,88.0,65.0,50.0,73.0,12.0,93.0,21.0,25.0,11.0,42.0,90.0,90.0,90.0,90.0,90.0,90.0,90.0,90.0,90.0,90.0,90.0,90.0
00:00:19:217,90,27.0,53.0,25.0,36700.0,0.0,0.0,36600.0,0.0,0.0,-33.0,24.0,-43.0,-9.0,0.0,30.0,30.0,10.0,30.0,-30.0,3.0,3.0,91.0,89.0,88.0,65.0,50.0,73.0,12.0,93.0,21.0,25.0,11.0,42.0,90.0,90.0,90.0,90.0,90.0,90.0,90.0,90.0,90.0,90.0,90.0,90.0
00:00:19:269,90,27.0,53.0,25.0,36700.0,0.0,0.0,36800.0,0.0,0.0,-55.0,-36.0,-43.0,-9.0,18.0,30.0,30.0,0.0,30.0,-30.0,3.0,3.0,91.0,89.0,88.0,65.0,50.0,73.0,12.0,93.0,21.0,25.0,11.0,42.0,90.0,90.0,90.0,90.0,90.0,90.0,90.0,90.0,90.0,90.0,90.0,90.0
00:00:19:321,90,27.0,53.0,25.0,36900.0,0.0,0.0,36800.0,0.0,0.0,-55.0,-36.0,62.0,-80.0,0.0,30.0,30.0,19.0,30.0,-30.0,3.0,3.0,91.0,89.0,88.0,65.0,50.0,73.0,12.0,93.0,21.0,25.0,11.0,42.0,90.0,90.0,90.0,90.0,90.0,90.0,90.0,90.0,90.0,90.0,90.0,90.0
00:00:19:372,90,27.0,53.0,25.0,36900.0,0.0,0.0,37000.0,0.0,0.0,-29.0,43.0,62.0,-80.0,10.0,30.0,30.0,0.0,30.0,-30.0,3.0,3.0,91.0,89.0,88.0,65.0,50.0,73.0,12.0,93.0,21.0,25.0,11.0,42.0,90.0,90.0,90.0,90.0,90.0,90.0,90.0,90.0,90.0,90.0,90.0,90.0
00:00:19:454,90,27.0,53.0,25.0,37100.0,0.0,0.0,37000.0,0.0,0.0,-29.0,43.0,-33.0,9.0,0.0,30.0,30.0,25.0,30.0,-30.0,3.0,3.0,91.0,89.0,88.0,65.0,50.0,73.0,12.0,93.0,21.0,25.0,11.0,42.0,90.0,90.0,90.0,90.0,90.0,90.0,90.0,90.0,90.0,90.0,90.0,90.0
00:00:19:507,90,27.0,53.0,25.0,37100.0,0.0,0.0,37200.0,0.0,0.0,232.0,17.0,-33.0,9.0,10.0,30.0,30.0,0.0,30.0,-30.0,3.0,3.0,91.0,89.0,88.0,65.0,50.0,73.0,12.0,93.0,21.0,25.0,11.0,42.0,90.0,90.0,90.0,90.0,90.0,90.0,90.0,90.0,90.0,90.0,90.0,90.0
00:00:19:559,90,27.0,53.0,25.0,37300.0,0.0,0.0,37200.0,0.0,0.0,232.0,17.0,124.0,16.0,0.0,30.0,30.0,18.0,30.0,-30.0,3.0,3.0,91.0,89.0,88.0,65.0,50.0,73.0,12.0,93.0,21.0,25.0,11.0,42.0,90.0,90.0,90.0,90.0,90.0,90.0,90.0,90.0,90.0,90.0,90.0,90.0
00:00:19:610,90,91.0,27.0,30.0,37300.0,0.0,0.0,37400.0,0.0,0.0,225.0,-49.0,124.0,16.0,10.0,30.0,30.0,0.0,30.0,-30.0,3.0,3.0,7.0,12.0,83.0,88.0,91.0,34.0,46.0,21.0,6.0,5.0,41.0,60.0,90.0,90.0,90.0,90.0,90.0,90.0,90.0,90.0,90.0,90.0,90.0,90.0
00:00:19:625,90,91.0,27.0,30.0,37300.0,0.0,0.0,37400.0,0.0,0.0,225.0,-49.0,124.0,16.0,10.0,30.0,30.0,0.0,30.0,-30.0,3.0,3.0,7.0,12.0,83.0,88.0,91.0,34.0,46.0,21.0,6.0,5.0,41.0,60.0,90.0,90.0,90.0,90.0,90.0,90.0,90.0,90.0,90.0,90.0,90.0,90.0
00:00:19:662,90,91.0,27.0,30.0,37500.0,0.0,0.0,37400.0,0.0,0.0,225.0,-49.0,71.0,-61.0,0.0,30.0,30.0,24.0,30.0,-30.0,3.0,3.0,7.0,12.0,83.0,88.0,91.0,34.0,46.0,21.0,6.0,5.0,41.0,60.0,90.0,90.0,90.0,90.0,90.0,90.0,90.0,90.0,90.0,90.0,90.0,90.0
00:00:19:713,90,91.0,27.0,30.0,37500.0,0.0,0.0,37600.0,0.0,0.0,5.0,-31.0,71.0,-61.0,13.0,30.0,30.0,0.0,30.0,-30.0,3.0,3.0,7.0,12.0,83.0,88.0,91.0,34.0,46.0,21.0,6.0,5.0,41.0,60.0,90.0,90.0,90.0,90.0,90.0,90.0,90.0,90.0,90.0,90.0,90.0,90.0
00:00:19:765,90,91.0,27.0,30.0,37700.0,0.0,0.0,37600.0,0.0,0.0,5.0,-31.0,-50.0,65.0,0.0,30.0,30.0,23.0,30.0,-30.0,3.0,3.0,7.0,12.0,83.0,88.0,91.0,34.0,46.0,21.0,6.0,5.0,41.0,60.0,90.0,90.0,90.0,90.0,90.0,90.0,90.0,90.0,90.0,90.0,90.0,90.0
00:00:19:817,90,91.0,27.0,30.0,37700.0,0.0,0.0,37800.0,0.0,0.0,-13.0,-79.0,-50.0,65.0,29.0,30.0,30.0,0.0,30.0,-30.0,3.0,3.0,7.0,12.0,83.0,88.0,91.0,34.0,46.0,21.0,6.0,5.0,41.0,60.0,90.0,90.0,90.0,90.0,90.0,90.0,90.0,90.0,90.0,90.0,90.0,90.0
00:00:19:869,90,91.0,27.0,30.0,37900.0,0.0,0.0,37800.0,0.0,0.0,-13.0,-79.0,-54.0,-50.0,0.0,30.0,30.0,23.0,30.0,-30.0,3.0,3.0,7.0,12.0,83.0,88.0,91.0,34.0,46.0,21.0,6.0,5.0,41.0,60.0,90.0,90.0,90.0,90.0,90.0,90.0,90.0,90.0,90.0,90.0,90.0,90.0
00:00:19:921,90,91.0,27.0,30.0,37900.0,0.0,0.0,38000.0,0.0,0.0,-36.0,47.0,-54.0,-50.0,29.0,30.0,30.0,0.0,30.0,-30.0,3.0,3.0,7.0,12.0,83.0,88.0,91.0,34.0,46.0,21.0,6.0,5.0,41.0,60.0,90.0,90.0,90.0,90.0,90.0,90.0,90.0,90.0,90.0,90.0,90.0,90.0
00:00:19:995,90,91.0,27.0,30.0,38100.0,0.0,0.0,38000.0,0.0,0.0,-36.0,47.0,54.0,65.0,0.0,30.0,30.0,25.0,30.0,-30.0,3.0,3.0,7.0,12.0,83.0,88.0,91.0,34.0,46.0,21.0,6.0,5.0,41.0,60.0,90.0,90.0,90.0,90.0,90.0,90.0,90.0,90.0,90.0,90.0,90.0,90.0
00:00:20:040,89,91.0,27.0,30.0,38100.0,0.0,0.0,38200.0,0.0,0.0,196.0,-32.0,54.0,65.0,24.0,30.0,30.0,0.0,30.0,-30.0,3.0,3.0,7.0,12.0,83.0,88.0,91.0,34.0,46.0,21.0,6.0,5.0,41.0,60.0,89.0,89.0,89.0,89.0,89.0,89.0,89.0,89.0,89.0,89.0,89.0,89.0
00:00:20:040,89,91.0,27.0,30.0,38100.0,0.0,0.0,38200.0,0.0,0.0,196.0,-32.0,54.0,65.0,24.0,30.0,30.0,0.0,30.0,-30.0,3.0,3.0,7.0,12.0,83.0,88.0,91.0,34.0,46.0,21.0,6.0,5.0,41.0,60.0,89.0,89.0,89.0,89.0,89.0,89.0,89.0,89.0,89.0,89.0,89.0,89.0
00:00:20:040,89,91.0,27.0,30.0,38300.0,0.0,0.0,38200.0,0.0,0.0,196.0,-32.0,50.0,26.0,0.0,30.0,30.0,20.0,30.0,-30.0,3.0,3.0,7.0,12.0,83.0,88.0,91.0,34.0,46.0,21.0,6.0,5.0,41.0,60.0,89.0,89.0,89.0,89.0,89.0,89.0,89.0,89.0,89.0,89.0,89.0,89.0
00:00:20:130,89,47.0,44.0,39.0,38300.0,0.0,0.0,38200.0,0.0,0.0,196.0,-32.0,50.0,26.0,0.0,30.0,30.0,20.0,30.0,-30.0,3.0,3.0,98.0,92.0,37.0,87.0,25.0,5.0,86.0,34.0,85.0,89.0,95.0,81.0,89.0,89.0,89.0,89.0,89.0,89.0,89.0,89.0,89.0,89.0,89.0,89.0
00:00:20:130,89,47.0,44.0,39.0,38300.0,0.0,0.0,38400.0,0.0,0.0,199.0,-54.0,50.0,26.0,23.0,30.0,30.0,0.0,30.0,-30.0,3.0,3.0,98.0,92.0,37.0,87.0,25.0,5.0,86.0,34.0,85.0,89.0,95.0,81.0,89.0,89.0,89.0,89.0,89.0,89.0,89.0,89.0,89.0,89.0,89.0,89.0
00:00:20:232,89,47.0,44.0,39.0,38500.0,0.0,0.0,38400.0,0.0,0.0,199.0,-54.0,51.0,-18.0,0.0,30.0,30.0,21.0,30.0,-30.0,3.0,3.0,98.0,92.0,37.0,87.0,25.0,5.0,86.0,34.0,85.0,89.0,95.0,81.0,89.0,89.0,89.0,89.0,89.0,89.0,89.0,89.0,89.0,89.0,89.0,89.0
00:00:20:232,89,47.0,44.0,39.0,38500.0,0.0,0.0,38600.0,0.0,0.0,-58.0,25.0,51.0,-18.0,16.0,30.0,30.0,0.0,30.0,-30.0,3.0,3.0,98.0,92.0,37.0,87.0,25.0,5.0,86.0,34.0,85.0,89.0,95.0,81.0,89.0,89.0,89.0,89.0,89.0,89.0,89.0,89.0,89.0,89.0,89.0,89.0
00:00:20:301,89,47.0,44.0,39.0,38700.0,0.0,0.0,38600.0,0.0,0.0,-58.0,25.0,130.0,10.0,0.0,30.0,30.0,17.0,30.0,-30.0,3.0,3.0,98.0,92.0,37.0,87.0,25.0,5.0,86.0,34.0,85.0,89.0,95.0,81.0,89.0,89.0,89.0,89.0,89.0,89.0,89.0,89.0,89.0,89.0,89.0,89.0
00:00:20:340,89,47.0,44.0,39.0,38700.0,0.0,0.0,38800.0,0.0,0.0,44.0,31.0,130.0,10.0,22.0,30.0,30.0,0.0,30.0,-30.0,3.0,3.0,98.0,92.0,37.0,87.0,25.0,5.0,86.0,34.0,85.0,89.0,95.0,81.0,89.0,89.0,89.0,89.0,89.0,89.0,89.0,89.0,89.0,89.0,89.0,89.0
00:00:20:414,89,47.0,44.0,39.0,38900.0,0.0,0.0,38800.0,0.0,0.0,44.0,31.0,204.0,-70.0,0.0,30.0,30.0,18.0,30.0,-30.0,3.0,3.0,98.0,92.0,37.0,87.0,25.0,5.0,86.0,34.0,85.0,89.0,95.0,81.0,89.0,89.0,89.0,89.0,89.0,89.0,89.0,89.0,89.0,89.0,89.0,89.0
00:00:20:458,89,47.0,44.0,39.0,38900.0,0.0,0.0,39000.0,0.0,0.0,59.0,-31.0,204.0,-70.0,25.0,30.0,30.0,0.0,30.0,-30.0,3.0,3.0,98.0,92.0,37.0,87.0,25.0,5.0,86.0,34.0,85.0,89.0,95.0,81.0,89.0,89.0,89.0,89.0,89.0,89.0,89.0,89.0,89.0,89.0,89.0,89.0
00:00:20:519,89,47.0,44.0,39.0,39100.0,0.0,0.0,39000.0,0.0,0.0,59.0,-31.0,115.0,-45.0,0.0,30.0,30.0,19.0,30.0,-30.0,3.0,3.0,98.0,92.0,37.0,87.0,25.0,5.0,86.0,34.0,85.0,89.0,95.0,81.0,89.0,89.0,89.0,89.0,89.0,89.0,89.0,89.0,89.0,89.0,89.0,89.0
00:00:20:570,89,47.0,44.0,39.0,39100.0,0.0,0.0,39200.0,0.0,0.0,17.0,10.0,115.0,-45.0,30.0,30.0,30.0,0.0,30.0,-30.0,3.0,3.0,98.0,92.0,37.0,87.0,25.0,5.0,86.0,34.0,85.0,89.0,95.0,81.0,89.0,89.0,89.0,89.0,89.0,89.0,89.0,89.0,89.0,89.0,89.0,89.0
00:00:20:613,89,47.0,44.0,39.0,39300.0,0.0,0.0,39200.0,0.0,0.0,17.0,10.0,147.0,17.0,0.0,30.0,30.0,14.0,30.0,-30.0,3.0,3.0,98.0,92.0,37.0,87.0,25.0,5.0,86.0,34.0,85.0,89.0,95.0,81.0,89.0,89.0,89.0,89.0,89.0,89.0,89.0,89.0,89.0,89.0,89.0,89.0
00:00:20:613,89,59.0,67.0,67.0,39300.0,0.0,0.0,39200.0,0.0,0.0,17.0,10.0,147.0,17.0,0.0,30.0,30.0,14.0,30.0,-30.0,3.0,3.0,27.0,2.0,4.0,77.0,87.0,89.0,9.0,34.0,83.0,54.0,91.0,88.0,89.0,89.0,89.0,89.0,89.0,89.0,89.0,89.0,89.0,89.0,89.0,89.0
00:00:20:613,89,59.0,67.0,67.0,39300.0,0.0,0.0,39400.0,0.0,0.0,111.0,-12.0,147.0,17.0,27.0,30.0,30.0,0.0,30.0,-30.0,3.0,3.0,27.0,2.0,4.0,77.0,87.0,89.0,9.0,34.0,83.0,54.0,91.0,88.0,89.0,89.0,89.0,89.0,89.0,89.0,89.0,89.0,89.0,89.0,89.0,89.0
00:00:20:736,89,59.0,67.0,67.0,39500.0,0.0,0.0,39400.0,0.0,0.0,111.0,-12.0,99.0,24.0,0.0,30.0,30.0,28.0,30.0,-30.0,3.0,3.0,27.0,2.0,4.0,77.0,87.0,89.0,9.0,34.0,83.0,54.0,91.0,88.0,89.0,89.0,89.0,89.0,89.0,89.0,89.0,89.0,89.0,89.0,89.0,89.0
00:00:20:788,89,59.0,67.0,67.0,39500.0,0.0,0.0,39600.0,0.0,0.0,94.0,46.0,99.0,24.0,28.0,30.0,30.0,0.0,30.0,-30.0,3.0,3.0,27.0,2.0,4.0,77.0,87.0,89.0,9.0,34.0,83.0,54.0,91.0,88.0,89.0,89.0,89.0,89.0,89.0,89.0,89.0,89.0,89.0,89.0,89.0,89.0
00:00:20:788,89,59.0,67.0,67.0,39700.0,0.0,0.0,39600.0,0.0,0.0,94.0,46.0,35.0,-46.0,0.0,30.0,30.0,23.0,30.0,-30.0,3.0,3.0,27.0,2.0,4.0,77.0,87.0,89.0,9.0,34.0,83.0,54.0,91.0,88.0,89.0,89.0,89.0,89.0,89.0,89.0,89.0,89.0,89.0,89.0,89.0,89.0
00:00:20:907,89,59.0,67.0,67.0,39700.0,0.0,0.0,39800.0,0.0,0.0,226.0,64.0,35.0,-46.0,15.0,30.0,30.0,0.0,30.0,-30.0,3.0,3.0,27.0,2.0,4.0,77.0,87.0,89.0,9.0,34.0,83.0,54.0,91.0,88.0,89.0,89.0,89.0,89.0,89.0,89.0,89.0,89.0,89.0,89.0,89.0,89.0
00:00:20:961,89,59.0,67.0,67.0,39900.0,0.0,0.0,39800.0,0.0,0.0,226.0,64.0,-71.0,-12.0,0.0,30.0,30.0,16.0,30.0,-30.0,3.0,3.0,27.0,2.0,4.0,77.0,87.0,89.0,9.0,34.0,83.0,54.0,91.0,88.0,89.0,89.0,89.0,89.0,89.0,89.0,89.0,89.0,89.0,89.0,89.0,89.0
00:00:20:961,89,59.0,67.0,67.0,39900.0,0.0,0.0,40000.0,0.0,0.0,43.0,20.0,-71.0,-12.0,13.0,30.0,30.0,0.0,30.0,-30.0,3.0,3.0,27.0,2.0,4.0,77.0,87.0,89.0,9.0,34.0,83.0,54.0,91.0,88.0,89.0,89.0,89.0,89.0,89.0,89.0,89.0,89.0,89.0,89.0,89.0,89.0
00:00:20:961,89,59.0,67.0,67.0,40100.0,0.0,0.0,40000.0,0.0,0.0,43.0,20.0,194.0,-63.0,0.0,30.0,30.0,28.0,30.0,-30.0,3.0,3.0,27.0,2.0,4.0,77.0,87.0,89.0,9.0,34.0,83.0,54.0,91.0,88.0,89.0,89.0,89.0,89.0,89.0,89.0,89.0,89.0,89.0,89.0,89.0,89.0
00:00:21:107,89,59.0,67.0,67.0,40100.0,0.0,0.0,40200.0,0.0,0.0,-48.0,-36.0,194.0,-63.0,20.0,30.0,30.0,0.0,30.0,-30.0,3.0,3.0,27.0,2.0,4.0,77.0,87.0,89.0,9.0,34.0,83.0,54.0,91.0,88.0,89.0,89.0,89.0,89.0,89.0,89.0,89.0,89.0,89.0,89.0,89.0,89.0
00:00:21:165,89,83.0,76.0,100.0,40100.0,0.0,0.0,40200.0,0.0,0.0,-48.0,-36.0,194.0,-63.0,20.0,30.0,30.0,0.0,30.0,-30.0,3.0,3.0,43.0,77.0,82.0,72.0,42.0,66.0,16.0,22.0,82.0,88.0,46.0,73.0,89.0,89.0,89.0,89.0,89.0,89.0,89.0,89.0,89.0,89.0,89.0,89.0
00:00:21:165,89,83.0,76.0,100.0,40300.0,0.0,0.0,40200.0,0.0,0.0,-48.0,-36.0,187.0,-38.0,0.0,30.0,30.0,11.0,30.0,-30.0,3.0,3.0,43.0,77.0,82.0,72.0,42.0,66.0,16.0,22.0,82.0,88.0,46.0,73.0,89.0,89.0,89.0,89.0,89.0,89.0,89.0,89.0,89.0,89.0,89.0,89.0
00:00:21:284,89,83.0,76.0,100.0,40300.0,0.0,0.0,40400.0,0.0,0.0,220.0,-57.0,187.0,-38.0,22.0,30.0,30.0,0.0,30.0,-30.0,3.0,3.0,43.0,77.0,82.0,72.0,42.0,66.0,16.0,22.0,82.0,88.0,46.0,73.0,89.0,89.0,89.0,89.0,89.0,89.0,89.0,89.0,89.0,89.0,89.0,89.0
00:00:21:284,89,83.0,76.0,100.0,40500.0,0.0,0.0,40400.0,0.0,0.0,220.0,-57.0,164.0,78.0,0.0,30.0,30.0,25.0,30.0,-30.0,3.0,3.0,43.0,77.0,82.0,72.0,42.0,66.0,16.0,22.0,82.0,88.0,46.0,73.0,89.0,89.0,89.0,89.0,89.0,89.0,89.0,89.0,89.0,89.0,89.0,89.0
00:00:21:284,89,83.0,76.0,100.0,40500.0,0.0,0.0,40600.0,0.0,0.0,94.0,51.0,164.0,78.0,24.0,30.0,30.0,0.0,30.0,-30.0,3.0,3.0,43.0,77.0,82.0,72.0,42.0,66.0,16.0,22.0,82.0,88.0,46.0,73.0,89.0,89.0,89.0,89.0,89.0,89.0,89.0,89.0,89.0,89.0,89.0,89.0
00:00:21:366,89,83.0,76.0,100.0,40700.0,0.0,0.0,40600.0,0.0,0.0,94.0,51.0,-71.0,14.0,0.0,30.0,30.0,30.0,30.0,-30.0,3.0,3.0,43.0,77.0,82.0,72.0,42.0,66.0,16.0,22.0,82.0,88.0,46.0,73.0,89.0,89.0,89.0,89.0,89.0,89.0,89.0,89.0,89.0,89.0,89.0,89.0
00:00:21:439,89,83.0,76.0,100.0,40700.0,0.0,0.0,40800.0,0.0,0.0,-76.0,-77.0,-71.0,14.0,15.0,30.0,30.0,0.0,30.0,-30.0,3.0,3.0,43.0,77.0,82.0,72.0,42.0,66.0,16.0,22.0,82.0,88.0,46.0,73.0,89.0,89.0,89.0,89.0,89.0,89.0,89.0,89.0,89.0,89.0,89.0,89.0
00:00:21:504,89,83.0,76.0,100.0,40900.0,0.0,0.0,40800.0,0.0,0.0,-76.0,-77.0,54.0,-17.0,0.0,30.0,30.0,20.0,30.0,-30.0,3.0,3.0,43.0,77.0,82.0,72.0,42.0,66.0,16.0,22.0,82.0,88.0,46.0,73.0,89.0,89.0,89.0,89.0,89.0,89.0,89.0,89.0,89.0,89.0,89.0,89.0
00:00:21:606,89,83.0,76.0,100.0,40900.0,0.0,0.0,41000.0,0.0,0.0,-10.0,32.0,54.0,-17.0,22.0,30.0,30.0,0.0,30.0,-30.0,3.0,3.0,43.0,77.0,82.0,72.0,42.0,66.0,16.0,22.0,82.0,88.0,46.0,73.0,89.0,89.0,89.0,89.0,89.0,89.0,89.0,89.0,89.0,89.0,89.0,89.0
00:00:21:667,89,49.0,22.0,23.0,40900.0,0.0,0.0,41000.0,0.0,0.0,-10.0,32.0,54.0,-17.0,22.0,30.0,30.0,0.0,30.0,-30.0,3.0,3.0,63.0,16.0,74.0,57.0,63.0,66.0,43.0,63.0,94.0,100.0,18.0,100.0,89.0,89.0,89.0,89.0,89.0,89.0,89.0,89.0,89.0,89.0,89.0,89.0
00:00:21:667,89,49.0,22.0,23.0,41100.0,0.0,0.0,41000.0,0.0,0.0,-10.0,32.0,77.0,38.0,0.0,30.0,30.0,27.0,30.0,-30.0,3.0,3.0,63.0,16.0,74.0,57.0,63.0,66.0,43.0,63.0,94.0,100.0,18.0,100.0,89.0,89.0,89.0,89.0,89.0,89.0,89.0,89.0,89.0,89.0,89.0,89.0
00:00:21:667,89,49.0,22.0,23.0,41100.0,0.0,0.0,41200.0,0.0,0.0,117.0,-5.0,77.0,38.0,17.0,30.0,30.0,0.0,30.0,-30.0,3.0,3.0,63.0,16.0,74.0,57.0,63.0,66.0,43.0,63.0,94.0,100.0,18.0,100.0,89.0,89.0,89.0,89.0,89.0,89.0,89.0,89.0,89.0,89.0,89.0,89.0
00:00:21:813,89,49.0,22.0,23.0,41300.0,0.0,0.0,41200.0,0.0,0.0,117.0,-5.0,-28.0,-55.0,0.0,30.0,30.0,15.0,30.0,-30.0,3.0,3.0,63.0,16.0,74.0,57.0,63.0,66.0,43.0,63.0,94.0,100.0,18.0,100.0,89.0,89.0,89.0,89.0,89.0,89.0,89.0,89.0,89.0,89.0,89.0,89.0
00:00:21:813,89,49.0,22.0,23.0,41300.0,0.0,0.0,41400.0,0.0,0.0,143.0,42.0,-28.0,-55.0,25.0,30.0,30.0,0.0,30.0,-30.0,3.0,3.0,63.0,16.0,74.0,57.0,63.0,66.0,43.0,63.0,94.0,100.0,18.0,100.0,89.0,89.0,89.0,89.0,89.0,89.0,89.0,89.0,89.0,89.0,89.0,89.0
00:00:21:875,89,49.0,22.0,23.0,41500.0,0.0,0.0,41400.0,0.0,0.0,143.0,42.0,139.0,-18.0,0.0,30.0,30.0,15.0,30.0,-30.0,3.0,3.0,63.0,16.0,74.0,57.0,63.0,66.0,43.0,63.0,94.0,100.0,18.0,100.0,89.0,89.0,89.0,89.0,89.0,89.0,89.0,89.0,89.0,89.0,89.0,89.0
00:00:21:935,89,49.0,22.0,23.0,41500.0,0.0,0.0,41600.0,0.0,0.0,116.0,-29.0,139.0,-18.0,10.0,30.0,30.0,0.0,30.0,-30.0,3.0,3.0,63.0,16.0,74.0,57.0,63.0,66.0,43.0,63.0,94.0,100.0,18.0,100.0,89.0,89.0,89.0,89.0,89.0,89.0,89.0,89.0,89.0,89.0,89.0,89.0
00:00:21:935,89,49.0,22.0,23.0,41700.0,0.0,0.0,41600.0,0.0,0.0,116.0,-29.0,109.0,50.0,0.0,30.0,30.0,14.0,30.0,-30.0,3.0,3.0,63.0,16.0,74.0,57.0,63.0,66.0,43.0,63.0,94.0,100.0,18.0,100.0,89.0,89.0,89.0,89.0,89.0,89.0,89.0,89.0,89.0,89.0,89.0,89.0
00:00:22:066,89,49.0,22.0,23.0,41700.0,0.0,0.0,41800.0,0.0,0.0,77.0,-37.0,109.0,50.0,26.0,30.0,30.0,0.0,30.0,-30.0,3.0,3.0,63.0,16.0,74.0,57.0,63.0,66.0,43.0,63.0,94.0,100.0,18.0,100.0,89.0,89.0,89.0,89.0,89.0,89.0,89.0,89.0,89.0,89.0,89.0,89.0
00:00:22:066,88,49.0,22.0,23.0,41700.0,0.0,0.0,41800.0,0.0,0.0,77.0,-37.0,109.0,50.0,26.0,30.0,30.0,0.0,30.0,-30.0,3.0,3.0,63.0,16.0,74.0,57.0,63.0,66.0,43.0,63.0,94.0,100.0,18.0,100.0,88.0,88.0,88.0,88.0,88.0,88.0,88.0,88.0,88.0,88.0,88.0,88.0
00:00:22:129,88,49.0,22.0,23.0,41900.0,0.0,0.0,41800.0,0.0,0.0,77.0,-37.0,138.0,-2.0,0.0,30.0,30.0,24.0,30.0,-30.0,3.0,3.0,63.0,16.0,74.0,57.0,63.0,66.0,43.0,63.0,94.0,100.0,18.0,100.0,88.0,88.0,88.0,88.0,88.0,88.0,88.0,88.0,88.0,88.0,88.0,88.0
00:00:22:251,88,86.0,47.0,48.0,41900.0,0.0,0.0,42000.0,0.0,0.0,99.0,-20.0,138.0,-2.0,21.0,30.0,30.0,0.0,30.0,-30.0,3.0,3.0,96.0,97.0,43.0,16.0,85.0,85.0,89.0,48.0,69.0,87.0,28.0,66.0,88.0,88.0,88.0,88.0,88.0,88.0,88.0,88.0,88.0,88.0,88.0,88.0
00:00:22:251,88,86.0,47.0,48.0,41900.0,0.0,0.0,42000.0,0.0,0.0,99.0,-20.0,138.0,-2.0,21.0,30.0,30.0,0.0,30.0,-30.0,3.0,3.0,96.0,97.0,43.0,16.0,85.0,85.0,89.0,48.0,69.0,87.0,28.0,66.0,88.0,88.0,88.0,88.0,88.0,88.0,88.0,88.0,88.0,88.0,88.0,88.0
00:00:22:251,88,86.0,47.0,48.0,42100.0,0.0,0.0,42000.0,0.0,0.0,99.0,-20.0,174.0,-78.0,0.0,30.0,30.0,25.0,30.0,-30.0,3.0,3.0,96.0,97.0,43.0,16.0,85.0,85.0,89.0,48.0,69.0,87.0,28.0,66.0,88.0,88.0,88.0,88.0,88.0,88.0,88.0,88.0,88.0,88.0,88.0,88.0
00:00:22:353,88,86.0,47.0,48.0,42100.0,0.0,0.0,42200.0,0.0,0.0,183.0,-64.0,174.0,-78.0,17.0,30.0,30.0,0.0,30.0,-30.0,3.0,3.0,96.0,97.0,43.0,16.0,85.0,85.0,89.0,48.0,69.0,87.0,28.0,66.0,88.0,88.0,88.0,88.0,88.0,88.0,88.0,88.0,88.0,88.0,88.0,88.0
00:00:22:414,88,86.0,47.0,48.0,42300.0,0.0,0.0,42200.0,0.0,0.0,183.0,-64.0,44.0,-22.0,0.0,30.0,30.0,28.0,30.0,-30.0,3.0,3.0,96.0,97.0,43.0,16.0,85.0,85.0,89.0,48.0,69.0,87.0,28.0,66.0,88.0,88.0,88.0,88.0,88.0,88.0,88.0,88.0,88.0,88.0,88.0,88.0
00:00:22:414,88,86.0,47.0,48.0,42300.0,0.0,0.0,42400.0,0.0,0.0,187.0,-78.0,44.0,-22.0,11.0,30.0,30.0,0.0,30.0,-30.0,3.0,3.0,96.0,97.0,43.0,16.0,85.0,85.0,89.0,48.0,69.0,87.0,28.0,66.0,88.0,88.0,88.0,88.0,88.0,88.0,88.0,88.0,88.0,88.0,88.0,88.0
00:00:22:414,88,86.0,47.0,48.0,42500.0,0.0,0.0,42400.0,0.0,0.0,187.0,-78.0,99.0,12.0,0.0,30.0,30.0,15.0,30.0,-30.0,3.0,3.0,96.0,97.0,43.0,16.0,85.0,85.0,89.0,48.0,69.0,87.0,28.0,66.0,88.0,88.0,88.0,88.0,88.0,88.0,88.0,88.0,88.0,88.0,88.0,88.0
00:00:22:521,88,86.0,47.0,48.0,42500.0,0.0,0.0,42600.0,0.0,0.0,-53.0,-11.0,99.0,12.0,10.0,30.0,30.0,0.0,30.0,-30.0,3.0,3.0,96.0,97.0,43.0,16.0,85.0,85.0,89.0,48.0,69.0,87.0,28.0,66.0,88.0,88.0,88.0,88.0,88.0,88.0,88.0,88.0,88.0,88.0,88.0,88.0
00:00:22:573,88,86.0,47.0,48.0,42700.0,0.0,0.0,42600.0,0.0,0.0,-53.0,-11.0,92.0,54.0,0.0,30.0,30.0,15.0,30.0,-30.0,3.0,3.0,96.0,97.0,43.0,16.0,85.0,85.0,89.0,48.0,69.0,87.0,28.0,66.0,88.0,88.0,88.0,88.0,88.0,88.0,88.0,88.0,88.0,88.0,88.0,88.0
00:00:22:629,88,86.0,47.0,48.0,42700.0,0.0,0.0,42800.0,0.0,0.0,97.0,1.0,92.0,54.0,18.0,30.0,30.0,0.0,30.0,-30.0,3.0,3.0,96.0,97.0,43.0,16.0,85.0,85.0,89.0,48.0,69.0,87.0,28.0,66.0,88.0,88.0,88.0,88.0,88.0,88.0,88.0,88.0,88.0,88.0,88.0,88.0
00:00:22:629,88,86.0,47.0,48.0,42900.0,0.0,0.0,42800.0,0.0,0.0,97.0,1.0,157.0,-19.0,0.0,30.0,30.0,15.0,30.0,-30.0,3.0,3.0,96.0,97.0,43.0,16.0,85.0,85.0,89.0,48.0,69.0,87.0,28.0,66.0,88.0,88.0,88.0,88.0,88.0,88.0,88.0,88.0,88.0,88.0,88.0,88.0
00:00:22:737,88,11.0,87.0,27.0,42900.0,0.0,0.0,42800.0,0.0,0.0,97.0,1.0,157.0,-19.0,0.0,30.0,30.0,15.0,30.0,-30.0,3.0,3.0,28.0,96.0,47.0,41.0,88.0,86.0,66.0,87.0,57.0,79.0,79.0,63.0,88.0,88.0,88.0,88.0,88.0,88.0,88.0,88.0,88.0,88.0,88.0,88.0
00:00:22:737,88,11.0,87.0,27.0,42900.0,0.0,0.0,43000.0,0.0,0.0,-22.0,-64.0,157.0,-19.0,24.0,30.0,30.0,0.0,30.0,-30.0,3.0,3.0,28.0,96.0,47.0,41.0,88.0,86.0,66.0,87.0,57.0,79.0,79.0,63.0,88.0,88.0,88.0,88.0,88.0,88.0,88.0,88.0,88.0,88.0,88.0,88.0
00:00:22:781,88,11.0,87.0,27.0,43100.0,0.0,0.0,43000.0,0.0,0.0,-22.0,-64.0,225.0,-78.0,0.0,30.0,30.0,20.0,30.0,-30.0,3.0,3.0,28.0,96.0,47.0,41.0,88.0,86.0,66.0,87.0,57.0,79.0,79.0,63.0,88.0,88.0,88.0,88.0,88.0,88.0,88.0,88.0,88.0,88.0,88.0,88.0
00:00:22:822,88,11.0,87.0,27.0,43100.0,0.0,0.0,43200.0,0.0,0.0,115.0,-7.0,225.0,-78.0,26.0,30.0,30.0,0.0,30.0,-30.0,3.0,3.0,28.0,96.0,47.0,41.0,88.0,86.0,66.0,87.0,57.0,79.0,79.0,63.0,88.0,88.0,88.0,88.0,88.0,88.0,88.0,88.0,88.0,88.0,88.0,88.0
00:00:22:874,88,11.0,87.0,27.0,43300.0,0.0,0.0,43200.0,0.0,0.0,115.0,-7.0,98.0,25.0,0.0,30.0,30.0,17.0,30.0,-30.0,3.0,3.0,28.0,96.0,47.0,41.0,88.0,86.0,66.0,87.0,57.0,79.0,79.0,63.0,88.0,88.0,88.0,88.0,88.0,88.0,88.0,88.0,88.0,88.0,88.0,88.0
00:00:22:964,88,11.0,87.0,27.0,43300.0,0.0,0.0,43400.0,0.0,0.0,-18.0,-41.0,98.0,25.0,11.0,30.0,30.0,0.0,30.0,-30.0,3.0,3.0,28.0,96.0,47.0,41.0,88.0,86.0,66.0,87.0,57.0,79.0,79.0,63.0,88.0,88.0,88.0,88.0,88.0,88.0,88.0,88.0,88.0,88.0,88.0,88.0
00:00:22:984,88,11.0,87.0,27.0,43500.0,0.0,0.0,43400.0,0.0,0.0,-18.0,-41.0,119.0,-68.0,0.0,30.0,30.0,18.0,30.0,-30.0,3.0,3.0,28.0,96.0,47.0,41.0,88.0,86.0,66.0,87.0,57.0,79.0,79.0,63.0,88.0,88.0,88.0,88.0,88.0,88.0,88.0,88.0,88.0,88.0,88.0,88.0
00:00:23:031,88,11.0,87.0,27.0,43500.0,0.0,0.0,43600.0,0.0,0.0,-25.0,69.0,119.0,-68.0,25.0,30.0,30.0,0.0,30.0,-30.0,3.0,3.0,28.0,96.0,47.0,41.0,88.0,86.0,66.0,87.0,57.0,79.0,79.0,63.0,88.0,88.0,88.0,88.0,88.0,88.0,88.0,88.0,88.0,88.0,88.0,88.0
00:00:23:082,88,11.0,87.0,27.0,43700.0,0.0,0.0,43600.0,0.0,0.0,-25.0,69.0,-2.0,26.0,0.0,30.0,30.0,30.0,30.0,-30.0,3.0,3.0,28.0,96.0,47.0,41.0,88.0,86.0,66.0,87.0,57.0,79.0,79.0,63.0,88.0,88.0,88.0,88.0,88.0,88.0,88.0,88.0,88.0,88.0,88.0,88.0
00:00:23:134,88,11.0,87.0,27.0,43700.0,0.0,0.0,43800.0,0.0,0.0,-28.0,-8.0,-2.0,26.0,16.0,30.0,30.0,0.0,30.0,-30.0,3.0,3.0,28.0,96.0,47.0,41.0,88.0,86.0,66.0,87.0,57.0,79.0,79.0,63.0,88.0,88.0,88.0,88.0,88.0,88.0,88.0,88.0,88.0,88.0,88.0,88.0
00:00:23:187,88,11.0,87.0,27.0,43900.0,0.0,0.0,43800.0,0.0,0.0,-28.0,-8.0,-42.0,68.0,0.0,30.0,30.0,17.0,30.0,-30.0,3.0,3.0,28.0,96.0,47.0,41.0,88.0,86.0,66.0,87.0,57.0,79.0,79.0,63.0,88.0,88.0,88.0,88.0,88.0,88.0,88.0,88.0,88.0,88.0,88.0,88.0
00:00:23:208,88,23.0,66.0,74.0,43900.0,0.0,0.0,43800.0,0.0,0.0,-28.0,-8.0,-42.0,68.0,0.0,30.0,30.0,17.0,30.0,-30.0,3.0,3.0,57.0,49.0,41.0,10.0,73.0,42.0,62.0,77.0,73.0,35.0,59.0,72.0,88.0,88.0,88.0,88.0,88.0,88.0,88.0,88.0,88.0,88.0,88.0,88.0
00:00:23:241,88,23.0,66.0,74.0,43900.0,0.0,0.0,44000.0,0.0,0.0,124.0,-15.0,-42.0,68.0,22.0,30.0,30.0,0.0,30.0,-30.0,3.0,3.0,57.0,49.0,41.0,10.0,73.0,42.0,62.0,77.0,73.0,35.0,59.0,72.0,88.0,88.0,88.0,88.0,88.0,88.0,88.0,88.0,88.0,88.0,88.0,88.0
00:00:23:292,88,23.0,66.0,74.0,44100.0,0.0,0.0,44000.0,0.0,0.0,124.0,-15.0,-59.0,24.0,0.0,30.0,30.0,11.0,30.0,-30.0,3.0,3.0,57.0,49.0,41.0,10.0,73.0,42.0,62.0,77.0,73.0,35.0,59.0,72.0,88.0,88.0,88.0,88.0,88.0,88.0,88.0,88.0,88.0,88.0,88.0,88.0
00:00:23:343,88,23.0,66.0,74.0,44100.0,0.0,0.0,44200.0,0.0,0.0,82.0,-19.0,-59.0,24.0,30.0,30.0,30.0,0.0,30.0,-30.0,3.0,3.0,57.0,49.0,41.0,10.0,73.0,42.0,62.0,77.0,73.0,35.0,59.0,72.0,88.0,88.0,88.0,88.0,88.0,88.0,88.0,88.0,88.0,88.0,88.0,88.0
00:00:23:396,88,23.0,66.0,74.0,44300.0,0.0,0.0,44200.0,0.0,0.0,82.0,-19.0,231.0,-80.0,0.0,30.0,30.0,11.0,30.0,-30.0,3.0,3.0,57.0,49.0,41.0,10.0,73.0,42.0,62.0,77.0,73.0,35.0,59.0,72.0,88.0,88.0,88.0,88.0,88.0,88.0,88.0,88.0,88.0,88.0,88.0,88.0
00:00:23:447,88,23.0,66.0,74.0,44300.0,0.0,0.0,44400.0,0.0,0.0,90.0,-22.0,231.0,-80.0,27.0,30.0,30.0,0.0,30.0,-30.0,3.0,3.0,57.0,49.0,41.0,10.0,73.0,42.0,62.0,77.0,73.0,35.0,59.0,72.0,88.0,88.0,88.0,88.0,88.0,88.0,88.0,88.0,88.0,88.0,88.0,88.0
00:00:23:498,88,23.0,66.0,74.0,44500.0,0.0,0.0,44400.0,0.0,0.0,90.0,-22.0,-28.0,46.0,0.0,30.0,30.0,21.0,30.0,-30.0,3.0,3.0,57.0,49.0,41.0,10.0,73.0,42.0,62.0,77.0,73.0,35.0,59.0,72.0,88.0,88.0,88.0,88.0,88.0,88.0,88.0,88.0,88.0,88.0,88.0,88.0
00:00:23:551,88,23.0,66.0,74.0,44500.0,0.0,0.0,44600.0,0.0,0.0,152.0,33.0,-28.0,46.0,22.0,30.0,30.0,0.0,30.0,-30.0,3.0,3.0,57.0,49.0,41.0,10.0,73.0,42.0,62.0,77.0,73.0,35.0,59.0,72.0,88.0,88.0,88.0,88.0,88.0,88.0,88.0,88.0,88.0,88.0,88.0,88.0
00:00:23:603,88,23.0,66.0,74.0,44700.0,0.0,0.0,44600.0,0.0,0.0,152.0,33.0,52.0,16.0,0.0,30.0,30.0,21.0,30.0,-30.0,3.0,3.0,57.0,49.0,41.0,10.0,73.0,42.0,62.0,77.0,73.0,35.0,59.0,72.0,88.0,88.0,88.0,88.0,88.0,88.0,88.0,88.0,88.0,88.0,88.0,88.0
00:00:23:654,88,23.0,66.0,74.0,44700.0,0.0,0.0,44800.0,0.0,0.0,207.0,16.0,52.0,16.0,26.0,30.0,30.0,0.0,30.0,-30.0,3.0,3.0,57.0,49.0,41.0,10.0,73.0,42.0,62.0,77.0,73.0,35.0,59.0,72.0,88.0,88.0,88.0,88.0,88.0,88.0,88.0,88.0,88.0,88.0,88.0,88.0
00:00:23:707,88,23.0,66.0,74.0,44900.0,0.0,0.0,44800.0,0.0,0.0,207.0,16.0,116.0,80.0,0.0,30.0,30.0,13.0,30.0,-30.0,3.0,3.0,57.0,49.0,41.0,10.0,73.0,42.0,62.0,77.0,73.0,35.0,59.0,72.0,88.0,88.0,88.0,88.0,88.0,88.0,88.0,88.0,88.0,88.0,88.0,88.0
00:00:23:718,88,55.0,97.0,10.0,44900.0,0.0,0.0,44800.0,0.0,0.0,207.0,16.0,116.0,80.0,0.0,30.0,30.0,13.0,30.0,-30.0,3.0,3.0,78.0,55.0,13.0,78.0,16.0,2.0,61.0,87.0,45.0,79.0,56.0,39.0,88.0,88.0,88.0,88.0,88.0,88.0,88.0,88.0,88.0,88.0,88.0,88.0
00:00:23:763,88,55.0,97.0,10.0,44900.0,0.0,0.0,45000.0,0.0,0.0,114.0,30.0,116.0,80.0,14.0,30.0,30.0,0.0,30.0,-30.0,3.0,3.0,78.0,55.0,13.0,78.0,16.0,2.0,61.0,87.0,45.0,79.0,56.0,39.0,88.0,88.0,88.0,88.0,88.0,88.0,88.0,88.0,88.0,88.0,88.0,88.0
00:00:23:812,88,55.0,97.0,10.0,45100.0,0.0,0.0,45000.0,0.0,0.0,114.0,30.0,-57.0,-27.0,0.0,30.0,30.0,11.0,30.0,-30.0,3.0,3.0,78.0,55.0,13.0,78.0,16.0,2.0,61.0,87.0,45.0,79.0,56.0,39.0,88.0,88.0,88.0,88.0,88.0,88.0,88.0,88.0,88.0,88.0,88.0,88.0
00:00:23:863,88,55.0,97.0,10.0,45100.0,0.0,0.0,45200.0,0.0,0.0,167.0,61.0,-57.0,-27.0,27.0,30.0,30.0,0.0,30.0,-30.0,3.0,3.0,78.0,55.0,13.0,78.0,16.0,2.0,61.0,87.0,45.0,79.0,56.0,39.0,88.0,88.0,88.0,88.0,88.0,88.0,88.0,88.0,88.0,88.0,88.0,88.0
00:00:23:915,88,55.0,97.0,10.0,45300.0,0.0,0.0,45200.0,0.0,0.0,167.0,61.0,229.0,41.0,0.0,30.0,30.0,25.0,30.0,-30.0,3.0,3.0,78.0,55.0,13.0,78.0,16.0,2.0,61.0,87.0,45.0,79.0,56.0,39.0,88.0,88.0,88.0,88.0,88.0,88.0,88.0,88.0,88.0,88.0,88.0,88.0
00:00:23:968,88,55.0,97.0,10.0,45300.0,0.0,0.0,45400.0,0.0,0.0,-5.0,-17.0,229.0,41.0,23.0,30.0,30.0,0.0,30.0,-30.0,3.0,3.0,78.0,55.0,13.0,78.0,16.0,2.0,61.0,87.0,45.0,79.0,56.0,39.0,88.0,88.0,88.0,88.0,88.0,88.0,88.0,88.0,88.0,88.0,88.0,88.0
00:00:24:020,88,55.0,97.0,10.0,45500.0,0.0,0.0,45400.0,0.0,0.0,-5.0,-17.0,20.0,-27.0,0.0,30.0,30.0,26.0,30.0,-30.0,3.0,3.0,78.0,55.0,13.0,78.0,16.0,2.0,61.0,87.0,45.0,79.0,56.0,39.0,88.0,88.0,88.0,88.0,88.0,88.0,88.0,88.0,88.0,88.0,88.0,88.0
00:00:24:034,87,55.0,97.0,10.0,45500.0,0.0,0.0,45400.0,0.0,0.0,-5.0,-17.0,20.0,-27.0,0.0,30.0,30.0,26.0,30.0,-30.0,3.0,3.0,78.0,55.0,13.0,78.0,16.0,2.0,61.0,87.0,45.0,79.0,56.0,39.0,87.0,87.0,87.0,87.0,87.0,87.0,87.0,87.0,87.0,87.0,87.0,87.0
00:00:24:073,87,55.0,97.0,10.0,45500.0,0.0,0.0,45600.0,0.0,0.0,-71.0,39.0,20.0,-27.0,10.0,30.0,30.0,0.0,30.0,-30.0,3.0,3.0,78.0,55.0,13.0,78.0,16.0,2.0,61.0,87.0,45.0,79.0,56.0,39.0,87.0,87.0,87.0,87.0,87.0,87.0,87.0,87.0,87.0,87.0,87.0,87.0
00:00:24:124,87,55.0,97.0,10.0,45700.0,0.0,0.0,45600.0,0.0,0.0,-71.0,39.0,191.0,6.0,0.0,30.0,30.0,22.0,30.0,-30.0,3.0,3.0,78.0,55.0,13.0,78.0,16.0,2.0,61.0,87.0,45.0,79.0,56.0,39.0,87.0,87.0,87.0,87.0,87.0,87.0,87.0,87.0,87.0,87.0,87.0,87.0
00:00:24:177,87,55.0,97.0,10.0,45700.0,0.0,0.0,45800.0,0.0,0.0,207.0,-6.0,191.0,6.0,20.0,30.0,30.0,0.0,30.0,-30.0,3.0,3.0,78.0,55.0,13.0,78.0,16.0,2.0,61.0,87.0,45.0,79.0,56.0,39.0,87.0,87.0,87.0,87.0,87.0,87.0,87.0,87.0,87.0,87.0,87.0,87.0
00:00:24:215,87,48.0,61.0,79.0,45700.0,0.0,0.0,45800.0,0.0,0.0,207.0,-6.0,191.0,6.0,20.0,30.0,30.0,0.0,30.0,-30.0,3.0,3.0,1.0,89.0,91.0,30.0,26.0,39.0,22.0,24.0,77.0,90.0,80.0,52.0,87.0,87.0,87.0,87.0,87.0,87.0,87.0,87.0,87.0,87.0,87.0,87.0
00:00:24:231,87,48.0,61.0,79.0,45900.0,0.0,0.0,45800.0,0.0,0.0,207.0,-6.0,79.0,-17.0,0.0,30.0,30.0,12.0,30.0,-30.0,3.0,3.0,1.0,89.0,91.0,30.0,26.0,39.0,22.0,24.0,77.0,90.0,80.0,52.0,87.0,87.0,87.0,87.0,87.0,87.0,87.0,87.0,87.0,87.0,87.0,87.0
00:00:24:282,87,48.0,61.0,79.0,45900.0,0.0,0.0,46000.0,0.0,0.0,132.0,-68.0,79.0,-17.0,24.0,30.0,30.0,0.0,30.0,-30.0,3.0,3.0,1.0,89.0,91.0,30.0,26.0,39.0,22.0,24.0,77.0,90.0,80.0,52.0,87.0,87.0,87.0,87.0,87.0,87.0,87.0,87.0,87.0,87.0,87.0,87.0
00:00:24:333,87,48.0,61.0,79.0,46100.0,0.0,0.0,46000.0,0.0,0.0,132.0,-68.0,155.0,17.0,0.0,30.0,30.0,19.0,30.0,-30.0,3.0,3.0,1.0,89.0,91.0,30.0,26.0,39.0,22.0,24.0,77.0,90.0,80.0,52.0,87.0,87.0,87.0,87.0,87.0,87.0,87.0,87.0,87.0,87.0,87.0,87.0
00:00:24:385,87,48.0,61.0,79.0,46100.0,0.0,0.0,46200.0,0.0,0.0,-5.0,-78.0,155.0,17.0,17.0,30.0,30.0,0.0,30.0,-30.0,3.0,3.0,1.0,89.0,91.0,30.0,26.0,39.0,22.0,24.0,77.0,90.0,80.0,52.0,87.0,87.0,87.0,87.0,87.0,87.0,87.0,87.0,87.0,87.0,87.0,87.0
00:00:24:438,87,48.0,61.0,79.0,46300.0,0.0,0.0,46200.0,0.0,0.0,-5.0,-78.0,-35.0,-25.0,0.0,30.0,30.0,29.0,30.0,-30.0,3.0,3.0,1.0,89.0,91.0,30.0,26.0,39.0,22.0,24.0,77.0,90.0,80.0,52.0,87.0,87.0,87.0,87.0,87.0,87.0,87.0,87.0,87.0,87.0,87.0,87.0
00:00:24:489,87,48.0,61.0,79.0,46300.0,0.0,0.0,46400.0,0.0,0.0,139.0,40.0,-35.0,-25.0,12.0,30.0,30.0,0.0,30.0,-30.0,3.0,3.0,1.0,89.0,91.0,30.0,26.0,39.0,22.0,24.0,77.0,90.0,80.0,52.0,87.0,87.0,87.0,87.0,87.0,87.0,87.0,87.0,87.0,87.0,87.0,87.0
00:00:24:541,87,48.0,61.0,79.0,46500.0,0.0,0.0,46400.0,0.0,0.0,139.0,40.0,-58.0,-57.0,0.0,30.0,30.0,24.0,30.0,-30.0,3.0,3.0,1.0,89.0,91.0,30.0,26.0,39.0,22.0,24.0,77.0,90.0,80.0,52.0,87.0,87.0,87.0,87.0,87.0,87.0,87.0,87.0,87.0,87.0,87.0,87.0
00:00:24:593,87,48.0,61.0,79.0,46500.0,0.0,0.0,46600.0,0.0,0.0,87.0,3.0,-58.0,-57.0,30.0,30.0,30.0,0.0,30.0,-30.0,3.0,3.0,1.0,89.0,91.0,30.0,26.0,39.0,22.0,24.0,77.0,90.0,80.0,52.0,87.0,87.0,87.0,87.0,87.0,87.0,87.0,87.0,87.0,87.0,87.0,87.0
00:00:24:644,87,48.0,61.0,79.0,46700.0,0.0,0.0,46600.0,0.0,0.0,87.0,3.0,-58.0,78.0,0.0,30.0,30.0,18.0,30.0,-30.0,3.0,3.0,1.0,89.0,91.0,30.0,26.0,39.0,22.0,24.0,77.0,90.0,80.0,52.0,87.0,87.0,87.0,87.0,87.0,87.0,87.0,87.0,87.0,87.0,87.0,87.0
00:00:24:697,87,48.0,61.0,79.0,46700.0,0.0,0.0,46800.0,0.0,0.0,41.0,-50.0,-58.0,78.0,10.0,30.0,30.0,0.0,30.0,-30.0,3.0,3.0,1.0,89.0,91.0,30.0,26.0,39.0,22.0,24.0,77.0,90.0,80.0,52.0,87.0,87.0,87.0,87.0,87.0,87.0,87.0,87.0,87.0,87.0,87.0,87.0
00:00:24:717,87,64.0,56.0,91.0,46700.0,0.0,0.0,46800.0,0.0,0.0,41.0,-50.0,-58.0,78.0,10.0,30.0,30.0,0.0,30.0,-30.0,3.0,3.0,15.0,39.0,75.0,84.0,53.0,27.0,67.0,65.0,51.0,94.0,57.0,75.0,87.0,87.0,87.0,87.0,87.0,87.0,87.0,87.0,87.0,87.0,87.0,87.0
00:00:24:749,87,64.0,56.0,91.0,46900.0,0.0,0.0,46800.0,0.0,0.0,41.0,-50.0,85.0,-71.0,0.0,30.0,30.0,22.0,30.0,-30.0,3.0,3.0,15.0,39.0,75.0,84.0,53.0,27.0,67.0,65.0,51.0,94.0,57.0,75.0,87.0,87.0,87.0,87.0,87.0,87.0,87.0,87.0,87.0,87.0,87.0,87.0
00:00:24:800,87,64.0,56.0,91.0,46900.0,0.0,0.0,47000.0,0.0,0.0,66.0,-17.0,85.0,-71.0,18.0,30.0,30.0,0.0,30.0,-30.0,3.0,3.0,15.0,39.0,75.0,84.0,53.0,27.0,67.0,65.0,51.0,94.0,57.0,75.0,87.0,87.0,87.0,87.0,87.0,87.0,87.0,87.0,87.0,87.0,87.0,87.0
00:00:24:851,87,64.0,56.0,91.0,47100.0,0.0,0.0,47000.0,0.0,0.0,66.0,-17.0,131.0,60.0,0.0,30.0,30.0,17.0,30.0,-30.0,3.0,3.0,15.0,39.0,75.0,84.0,53.0,27.0,67.0,65.0,51.0,94.0,57.0,75.0,87.0,87.0,87.0,87.0,87.0,87.0,87.0,87.0,87.0,87.0,87.0,87.0
00:00:24:904,87,64.0,56.0,91.0,47100.0,0.0,0.0,47200.0,0.0,0.0,55.0,27.0,131.0,60.0,16.0,30.0,30.0,0.0,30.0,-30.0,3.0,3.0,15.0,39.0,75.0,84.0,53.0,27.0,67.0,65.0,51.0,94.0,57.0,75.0,87.0,87.0,87.0,87.0,87.0,87.0,87.0,87.0,87.0,87.0,87.0,87.0
00:00:24:956,87,64.0,56.0,91.0,47300.0,0.0,0.0,47200.0,0.0,0.0,55.0,27.0,14.0,-3.0,0.0,30.0,30.0,16.0,30.0,-30.0,3.0,3.0,15.0,39.0,75.0,84.0,53.0,27.0,67.0,65.0,51.0,94.0,57.0,75.0,87.0,87.0,87.0,87.0,87.0,87.0,87.0,87.0,87.0,87.0,87.0,87.0
00:00:25:007,87,64.0,56.0,91.0,47300.0,0.0,0.0,47400.0,0.0,0.0,59.0,9.0,14.0,-3.0,12.0,30.0,30.0,0.0,30.0,-30.0,3.0,3.0,15.0,39.0,75.0,84.0,53.0,27.0,67.0,65.0,51.0,94.0,57.0,75.0,87.0,87.0,87.0,87.0,87.0,87.0,87.0,87.0,87.0,87.0,87.0,87.0
00:00:25:060,87,64.0,56.0,91.0,47500.0,0.0,0.0,47400.0,0.0,0.0,59.0,9.0,28.0,-77.0,0.0,30.0,30.0,16.0,30.0,-30.0,3.0,3.0,15.0,39.0,75.0,84.0,53.0,27.0,67.0,65.0,51.0,94.0,57.0,75.0,87.0,87.0,87.0,87.0,87.0,87.0,87.0,87.0,87.0,87.0,87.0,87.0
00:00:25:150,87,64.0,56.0,91.0,47500.0,0.0,0.0,47600.0,0.0,0.0,92.0,-18.0,28.0,-77.0,14.0,30.0,30.0,0.0,30.0,-30.0,3.0,3.0,15.0,39.0,75.0,84.0,53.0,27.0,67.0,65.0,51.0,94.0,57.0,75.0,87.0,87.0,87.0,87.0,87.0,87.0,87.0,87.0,87.0,87.0,87.0,87.0
00:00:25:206,87,64.0,56.0,91.0,47700.0,0.0,0.0,47600.0,0.0,0.0,92.0,-18.0,144.0,45.0,0.0,30.0,30.0,11.0,30.0,-30.0,3.0,3.0,15.0,39.0,75.0,84.0,53.0,27.0,67.0,65.0,51.0,94.0,57.0,75.0,87.0,87.0,87.0,87.0,87.0,87.0,87.0,87.0,87.0,87.0,87.0,87.0
00:00:25:255,87,64.0,56.0,91.0,47700.0,0.0,0.0,47800.0,0.0,0.0,48.0,-75.0,144.0,45.0,20.0,30.0,30.0,0.0,30.0,-30.0,3.0,3.0,15.0,39.0,75.0,84.0,53.0,27.0,67.0,65.0,51.0,94.0,57.0,75.0,87.0,87.0,87.0,87.0,87.0,87.0,87.0,87.0,87.0,87.0,87.0,87.0
00:00:25:255,87,14.0,91.0,7.0,47700.0,0.0,0.0,47800.0,0.0,0.0,48.0,-75.0,144.0,45.0,20.0,30.0,30.0,0.0,30.0,-30.0,3.0,3.0,67.0,80.0,2.0,89.0,3.0,17.0,18.0,79.0,39.0,38.0,18.0,38.0,87.0,87.0,87.0,87.0,87.0,87.0,87.0,87.0,87.0,87.0,87.0,87.0
00:00:25:349,87,14.0,91.0,7.0,47900.0,0.0,0.0,47800.0,0.0,0.0,48.0,-75.0,-14.0,-33.0,0.0,30.0,30.0,13.0,30.0,-30.0,3.0,3.0,67.0,80.0,2.0,89.0,3.0,17.0,18.0,79.0,39.0,38.0,18.0,38.0,87.0,87.0,87.0,87.0,87.0,87.0,87.0,87.0,87.0,87.0,87.0,87.0
00:00:25:349,87,14.0,91.0,7.0,47900.0,0.0,0.0,48000.0,0.0,0.0,43.0,-80.0,-14.0,-33.0,14.0,30.0,30.0,0.0,30.0,-30.0,3.0,3.0,67.0,80.0,2.0,89.0,3.0,17.0,18.0,79.0,39.0,38.0,18.0,38.0,87.0,87.0,87.0,87.0,87.0,87.0,87.0,87.0,87.0,87.0,87.0,87.0
00:00:25:395,87,14.0,91.0,7.0,48100.0,0.0,0.0,48000.0,0.0,0.0,43.0,-80.0,-45.0,19.0,0.0,30.0,30.0,27.0,30.0,-30.0,3.0,3.0,67.0,80.0,2.0,89.0,3.0,17.0,18.0,79.0,39.0,38.0,18.0,38.0,87.0,87.0,87.0,87.0,87.0,87.0,87.0,87.0,87.0,87.0,87.0,87.0
00:00:25:443,87,14.0,91.0,7.0,48100.0,0.0,0.0,48200.0,0.0,0.0,-70.0,71.0,-45.0,19.0,27.0,30.0,30.0,0.0,30.0,-30.0,3.0,3.0,67.0,80.0,2.0,89.0,3.0,17.0,18.0,79.0,39.0,38.0,18.0,38.0,87.0,87.0,87.0,87.0,87.0,87.0,87.0,87.0,87.0,87.0,87.0,87.0
00:00:25:443,87,14.0,91.0,7.0,48300.0,0.0,0.0,48200.0,0.0,0.0,-70.0,71.0,-63.0,7.0,0.0,30.0,30.0,16.0,30.0,-30.0,3.0,3.0,67.0,80.0,2.0,89.0,3.0,17.0,18.0,79.0,39.0,38.0,18.0,38.0,87.0,87.0,87.0,87.0,87.0,87.0,87.0,87.0,87.0,87.0,87.0,87.0
00:00:25:553,87,14.0,91.0,7.0,48300.0,0.0,0.0,48400.0,0.0,0.0,106.0,10.0,-63.0,7.0,30.0,30.0,30.0,0.0,30.0,-30.0,3.0,3.0,67.0,80.0,2.0,89.0,3.0,17.0,18.0,79.0,39.0,38.0,18.0,38.0,87.0,87.0,87.0,87.0,87.0,87.0,87.0,87.0,87.0,87.0,87.0,87.0
00:00:25:604,87,14.0,91.0,7.0,48500.0,0.0,0.0,48400.0,0.0,0.0,106.0,10.0,181.0,41.0,0.0,30.0,30.0,25.0,30.0,-30.0,3.0,3.0,67.0,80.0,2.0,89.0,3.0,17.0,18.0,79.0,39.0,38.0,18.0,38.0,87.0,87.0,87.0,87.0,87.0,87.0,87.0,87.0,87.0,87.0,87.0,87.0
00:00:25:647,87,14.0,91.0,7.0,48500.0,0.0,0.0,48600.0,0.0,0.0,181.0,-56.0,181.0,41.0,10.0,30.0,30.0,0.0,30.0,-30.0,3.0,3.0,67.0,80.0,2.0,89.0,3.0,17.0,18.0,79.0,39.0,38.0,18.0,38.0,87.0,87.0,87.0,87.0,87.0,87.0,87.0,87.0,87.0,87.0,87.0,87.0
00:00:25:647,87,14.0,91.0,7.0,48700.0,0.0,0.0,48600.0,0.0,0.0,181.0,-56.0,92.0,-51.0,0.0,30.0,30.0,17.0,30.0,-30.0,3.0,3.0,67.0,80.0,2.0,89.0,3.0,17.0,18.0,79.0,39.0,38.0,18.0,38.0,87.0,87.0,87.0,87.0,87.0,87.0,87.0,87.0,87.0,87.0,87.0,87.0
00:00:25:771,87,68.0,50.0,95.0,48700.0,0.0,0.0,48600.0,0.0,0.0,181.0,-56.0,92.0,-51.0,0.0,30.0,30.0,17.0,30.0,-30.0,3.0,3.0,93.0,15.0,52.0,42.0,21.0,75.0,50.0,44.0,78.0,47.0,72.0,67.0,87.0,87.0,87.0,87.0,87.0,87.0,87.0,87.0,87.0,87.0,87.0,87.0
00:00:25:771,87,68.0,50.0,95.0,48700.0,0.0,0.0,48800.0,0.0,0.0,202.0,-54.0,92.0,-51.0,14.0,30.0,30.0,0.0,30.0,-30.0,3.0,3.0,93.0,15.0,52.0,42.0,21.0,75.0,50.0,44.0,78.0,47.0,72.0,67.0,87.0,87.0,87.0,87.0,87.0,87.0,87.0,87.0,87.0,87.0,87.0,87.0
00:00:25:842,87,68.0,50.0,95.0,48900.0,0.0,0.0,48800.0,0.0,0.0,202.0,-54.0,30.0,-73.0,0.0,30.0,30.0,12.0,30.0,-30.0,3.0,3.0,93.0,15.0,52.0,42.0,21.0,75.0,50.0,44.0,78.0,47.0,72.0,67.0,87.0,87.0,87.0,87.0,87.0,87.0,87.0,87.0,87.0,87.0,87.0,87.0
00:00:25:842,87,68.0,50.0,95.0,48900.0,0.0,0.0,49000.0,0.0,0.0,166.0,-24.0,30.0,-73.0,25.0,30.0,30.0,0.0,30.0,-30.0,3.0,3.0,93.0,15.0,52.0,42.0,21.0,75.0,50.0,44.0,78.0,47.0,72.0,67.0,87.0,87.0,87.0,87.0,87.0,87.0,87.0,87.0,87.0,87.0,87.0,87.0
00:00:25:913,87,68.0,50.0,95.0,49100.0,0.0,0.0,49000.0,0.0,0.0,166.0,-24.0,-46.0,24.0,0.0,30.0,30.0,18.0,30.0,-30.0,3.0,3.0,93.0,15.0,52.0,42.0,21.0,75.0,50.0,44.0,78.0,47.0,72.0,67.0,87.0,87.0,87.0,87.0,87.0,87.0,87.0,87.0,87.0,87.0,87.0,87.0
00:00:25:955,87,68.0,50.0,95.0,49100.0,0.0,0.0,49200.0,0.0,0.0,146.0,25.0,-46.0,24.0,20.0,30.0,30.0,0.0,30.0,-30.0,3.0,3.0,93.0,15.0,52.0,42.0,21.0,75.0,50.0,44.0,78.0,47.0,72.0,67.0,87.0,87.0,87.0,87.0,87.0,87.0,87.0,87.0,87.0,87.0,87.0,87.0
00:00:25:997,87,68.0,50.0,95.0,49300.0,0.0,0.0,49200.0,0.0,0.0,146.0,25.0,135.0,-67.0,0.0,30.0,30.0,15.0,30.0,-30.0,3.0,3.0,93.0,15.0,52.0,42.0,21.0,75.0,50.0,44.0,78.0,47.0,72.0,67.0,87.0,87.0,87.0,87.0,87.0,87.0,87.0,87.0,87.0,87.0,87.0,87.0
00:00:26:032,86,68.0,50.0,95.0,49300.0,0.0,0.0,49200.0,0.0,0.0,146.0,25.0,135.0,-67.0,0.0,30.0,30.0,15.0,30.0,-30.0,3.0,3.0,93.0,15.0,52.0,42.0,21.0,75.0,50.0,44.0,78.0,47.0,72.0,67.0,86.0,86.0,86.0,86.0,86.0,86.0,86.0,86.0,86.0,86.0,86.0,86.0
00:00:26:057,86,68.0,50.0,95.0,49300.0,0.0,0.0,49400.0,0.0,0.0,-15.0,-11.0,135.0,-67.0,28.0,30.0,30.0,0.0,30.0,-30.0,3.0,3.0,93.0,15.0,52.0,42.0,21.0,75.0,50.0,44.0,78.0,47.0,72.0,67.0,86.0,86.0,86.0,86.0,86.0,86.0,86.0,86.0,86.0,86.0,86.0,86.0
00:00:26:104,86,68.0,50.0,95.0,49500.0,0.0,0.0,49400.0,0.0,0.0,-15.0,-11.0,-85.0,-21.0,0.0,30.0,30.0,13.0,30.0,-30.0,3.0,3.0,93.0,15.0,52.0,42.0,21.0,75.0,50.0,44.0,78.0,47.0,72.0,67.0,86.0,86.0,86.0,86.0,86.0,86.0,86.0,86.0,86.0,86.0,86.0,86.0
00:00:26:155,86,68.0,50.0,95.0,49500.0,0.0,0.0,49600.0,0.0,0.0,83.0,-22.0,-85.0,-21.0,19.0,30.0,30.0,0.0,30.0,-30.0,3.0,3.0,93.0,15.0,52.0,42.0,21.0,75.0,50.0,44.0,78.0,47.0,72.0,67.0,86.0,86.0,86.0,86.0,86.0,86.0,86.0,86.0,86.0,86.0,86.0,86.0
00:00:26:209,86,68.0,50.0,95.0,49700.0,0.0,0.0,49600.0,0.0,0.0,83.0,-22.0,208.0,-49.0,0.0,30.0,30.0,18.0,30.0,-30.0,3.0,3.0,93.0,15.0,52.0,42.0,21.0,75.0,50.0,44.0,78.0,47.0,72.0,67.0,86.0,86.0,86.0,86.0,86.0,86.0,86.0,86.0,86.0,86.0,86.0,86.0
00:00:26:234,86,39.0,0.0,94.0,49700.0,0.0,0.0,49600.0,0.0,0.0,83.0,-22.0,208.0,-49.0,0.0,30.0,30.0,18.0,30.0,-30.0,3.0,3.0,91.0,31.0,80.0,66.0,72.0,31.0,39.0,63.0,3.0,7.0,40.0,51.0,86.0,86.0,86.0,86.0,86.0,86.0,86.0,86.0,86.0,86.0,86.0,86.0
00:00:26:261,86,39.0,0.0,94.0,49700.0,0.0,0.0,49800.0,0.0,0.0,-77.0,55.0,208.0,-49.0,19.0,30.0,30.0,0.0,30.0,-30.0,3.0,3.0,91.0,31.0,80.0,66.0,72.0,31.0,39.0,63.0,3.0,7.0,40.0,51.0,86.0,86.0,86.0,86.0,86.0,86.0,86.0,86.0,86.0,86.0,86.0,86.0
00:00:26:314,86,39.0,0.0,94.0,49900.0,0.0,0.0,49800.0,0.0,0.0,-77.0,55.0,60.0,56.0,0.0,30.0,30.0,27.0,30.0,-30.0,3.0,3.0,91.0,31.0,80.0,66.0,72.0,31.0,39.0,63.0,3.0,7.0,40.0,51.0,86.0,86.0,86.0,86.0,86.0,86.0,86.0,86.0,86.0,86.0,86.0,86.0
00:00:26:365,86,39.0,0.0,94.0,49900.0,0.0,0.0,50000.0,0.0,0.0,228.0,56.0,60.0,56.0,11.0,30.0,30.0,0.0,30.0,-30.0,3.0,3.0,91.0,31.0,80.0,66.0,72.0,31.0,39.0,63.0,3.0,7.0,40.0,51.0,86.0,86.0,86.0,86.0,86.0,86.0,86.0,86.0,86.0,86.0,86.0,86.0
00:00:26:417,86,39.0,0.0,94.0,50100.0,0.0,0.0,50000.0,0.0,0.0,228.0,56.0,-72.0,25.0,0.0,30.0,30.0,11.0,30.0,-30.0,3.0,3.0,91.0,31.0,80.0,66.0,72.0,31.0,39.0,63.0,3.0,7.0,40.0,51.0,86.0,86.0,86.0,86.0,86.0,86.0,86.0,86.0,86.0,86.0,86.0,86.0
00:00:26:470,86,39.0,0.0,94.0,50100.0,0.0,0.0,50200.0,0.0,0.0,70.0,-51.0,-72.0,25.0,23.0,30.0,30.0,0.0,30.0,-30.0,3.0,3.0,91.0,31.0,80.0,66.0,72.0,31.0,39.0,63.0,3.0,7.0,40.0,51.0,86.0,86.0,86.0,86.0,86.0,86.0,86.0,86.0,86.0,86.0,86.0,86.0
00:00:26:521,86,39.0,0.0,94.0,50300.0,0.0,0.0,50200.0,0.0,0.0,70.0,-51.0,-70.0,61.0,0.0,30.0,30.0,12.0,30.0,-30.0,3.0,3.0,91.0,31.0,80.0,66.0,72.0,31.0,39.0,63.0,3.0,7.0,40.0,51.0,86.0,86.0,86.0,86.0,86.0,86.0,86.0,86.0,86.0,86.0,86.0,86.0
00:00:26:574,86,39.0,0.0,94.0,50300.0,0.0,0.0,50400.0,0.0,0.0,136.0,-59.0,-70.0,61.0,12.0,30.0,30.0,0.0,30.0,-30.0,3.0,3.0,91.0,31.0,80.0,66.0,72.0,31.0,39.0,63.0,3.0,7.0,40.0,51.0,86.0,86.0,86.0,86.0,86.0,86.0,86.0,86.0,86.0,86.0,86.0,86.0
00:00:26:627,86,39.0,0.0,94.0,50500.0,0.0,0.0,50400.0,0.0,0.0,136.0,-59.0,138.0,-74.0,0.0,30.0,30.0,12.0,30.0,-30.0,3.0,3.0,91.0,31.0,80.0,66.0,72.0,31.0,39.0,63.0,3.0,7.0,40.0,51.0,86.0,86.0,86.0,86.0,86.0,86.0,86.0,86.0,86.0,86.0,86.0,86.0
00:00:26:680,86,39.0,0.0,94.0,50500.0,0.0,0.0,50600.0,0.0,0.0,124.0,62.0,138.0,-74.0,25.0,30.0,30.0,0.0,30.0,-30.0,3.0,3.0,91.0,31.0,80.0,66.0,72.0,31.0,39.0,63.0,3.0,7.0,40.0,51.0,86.0,86.0,86.0,86.0,86.0,86.0,86.0,86.0,86.0,86.0,86.0,86.0
00:00:26:732,86,39.0,0.0,94.0,50700.0,0.0,0.0,50600.0,0.0,0.0,124.0,62.0,178.0,26.0,0.0,30.0,30.0,26.0,30.0,-30.0,3.0,3.0,91.0,31.0,80.0,66.0,72.0,31.0,39.0,63.0,3.0,7.0,40.0,51.0,86.0,86.0,86.0,86.0,86.0,86.0,86.0,86.0,86.0,86.0,86.0,86.0
00:00:26:745,86,100.0,45.0,38.0,50700.0,0.0,0.0,50600.0,0.0,0.0,124.0,62.0,178.0,26.0,0.0,30.0,30.0,26.0,30.0,-30.0,3.0,3.0,97.0,28.0,85.0,90.0,59.0,48.0,93.0,70.0,92.0,10.0,91.0,1.0,86.0,86.0,86.0,86.0,86.0,86.0,86.0,86.0,86.0,86.0,86.0,86.0
00:00:26:785,86,100.0,45.0,38.0,50700.0,0.0,0.0,50800.0,0.0,0.0,88.0,18.0,178.0,26.0,23.0,30.0,30.0,0.0,30.0,-30.0,3.0,3.0,97.0,28.0,85.0,90.0,59.0,48.0,93.0,70.0,92.0,10.0,91.0,1.0,86.0,86.0,86.0,86.0,86.0,86.0,86.0,86.0,86.0,86.0,86.0,86.0
00:00:26:836,86,100.0,45.0,38.0,50900.0,0.0,0.0,50800.0,0.0,0.0,88.0,18.0,226.0,-37.0,0.0,30.0,30.0,29.0,30.0,-30.0,3.0,3.0,97.0,28.0,85.0,90.0,59.0,48.0,93.0,70.0,92.0,10.0,91.0,1.0,86.0,86.0,86.0,86.0,86.0,86.0,86.0,86.0,86.0,86.0,86.0,86.0
00:00:26:887,86,100.0,45.0,38.0,50900.0,0.0,0.0,51000.0,0.0,0.0,188.0,-14.0,226.0,-37.0,19.0,30.0,30.0,0.0,30.0,-30.0,3.0,3.0,97.0,28.0,85.0,90.0,59.0,48.0,93.0,70.0,92.0,10.0,91.0,1.0,86.0,86.0,86.0,86.0,86.0,86.0,86.0,86.0,86.0,86.0,86.0,86.0
00:00:26:939,86,100.0,45.0,38.0,51100.0,0.0,0.0,51000.0,0.0,0.0,188.0,-14.0,192.0,-38.0,0.0,30.0,30.0,25.0,30.0,-30.0,3.0,3.0,97.0,28.0,85.0,90.0,59.0,48.0,93.0,70.0,92.0,10.0,91.0,1.0,86.0,86.0,86.0,86.0,86.0,86.0,86.0,86.0,86.0,86.0,86.0,86.0
00:00:26:991,86,100.0,45.0,38.0,51100.0,0.0,0.0,51200.0,0.0,0.0,193.0,-4.0,192.0,-38.0,27.0,30.0,30.0,0.0,30.0,-30.0,3.0,3.0,97.0,28.0,85.0,90.0,59.0,48.0,93.0,70.0,92.0,10.0,91.0,1.0,86.0,86.0,86.0,86.0,86.0,86.0,86.0,86.0,86.0,86.0,86.0,86.0
00:00:27:043,86,100.0,45.0,38.0,51300.0,0.0,0.0,51200.0,0.0,0.0,193.0,-4.0,-14.0,6.0,0.0,30.0,30.0,22.0,30.0,-30.0,3.0,3.0,97.0,28.0,85.0,90.0,59.0,48.0,93.0,70.0,92.0,10.0,91.0,1.0,86.0,86.0,86.0,86.0,86.0,86.0,86.0,86.0,86.0,86.0,86.0,86.0
00:00:27:094,86,100.0,45.0,38.0,51300.0,0.0,0.0,51400.0,0.0,0.0,176.0,-4.0,-14.0,6.0,24.0,30.0,30.0,0.0,30.0,-30.0,3.0,3.0,97.0,28.0,85.0,90.0,59.0,48.0,93.0,70.0,92.0,10.0,91.0,1.0,86.0,86.0,86.0,86.0,86.0,86.0,86.0,86.0,86.0,86.0,86.0,86.0
00:00:27:147,86,100.0,45.0,38.0,51500.0,0.0,0.0,51400.0,0.0,0.0,176.0,-4.0,-15.0,70.0,0.0,30.0,30.0,30.0,30.0,-30.0,3.0,3.0,97.0,28.0,85.0,90.0,59.0,48.0,93.0,70.0,92.0,10.0,91.0,1.0,86.0,86.0,86.0,86.0,86.0,86.0,86.0,86.0,86.0,86.0,86.0,86.0
00:00:27:199,86,100.0,45.0,38.0,51500.0,0.0,0.0,51600.0,0.0,0.0,20.0,40.0,-15.0,70.0,23.0,30.0,30.0,0.0,30.0,-30.0,3.0,3.0,97.0,28.0,85.0,90.0,59.0,48.0,93.0,70.0,92.0,10.0,91.0,1.0,86.0,86.0,86.0,86.0,86.0,86.0,86.0,86.0,86.0,86.0,86.0,86.0
00:00:27:239,86,3.0,90.0,51.0,51500.0,0.0,0.0,51600.0,0.0,0.0,20.0,40.0,-15.0,70.0,23.0,30.0,30.0,0.0,30.0,-30.0,3.0,3.0,2.0,1.0,94.0,26.0,50.0,24.0,27.0,84.0,83.0,88.0,36.0,10.0,86.0,86.0,86.0,86.0,86.0,86.0,86.0,86.0,86.0,86.0,86.0,86.0
00:00:27:252,86,3.0,90.0,51.0,51700.0,0.0,0.0,51600.0,0.0,0.0,20.0,40.0,134.0,4.0,0.0,30.0,30.0,10.0,30.0,-30.0,3.0,3.0,2.0,1.0,94.0,26.0,50.0,24.0,27.0,84.0,83.0,88.0,36.0,10.0,86.0,86.0,86.0,86.0,86.0,86.0,86.0,86.0,86.0,86.0,86.0,86.0
00:00:27:303,86,3.0,90.0,51.0,51700.0,0.0,0.0,51800.0,0.0,0.0,-4.0,39.0,134.0,4.0,13.0,30.0,30.0,0.0,30.0,-30.0,3.0,3.0,2.0,1.0,94.0,26.0,50.0,24.0,27.0,84.0,83.0,88.0,36.0,10.0,86.0,86.0,86.0,86.0,86.0,86.0,86.0,86.0,86.0,86.0,86.0,86.0
00:00:27:354,86,3.0,90.0,51.0,51900.0,0.0,0.0,51800.0,0.0,0.0,-4.0,39.0,45.0,39.0,0.0,30.0,30.0,11.0,30.0,-30.0,3.0,3.0,2.0,1.0,94.0,26.0,50.0,24.0,27.0,84.0,83.0,88.0,36.0,10.0,86.0,86.0,86.0,86.0,86.0,86.0,86.0,86.0,86.0,86.0,86.0,86.0
00:00:27:407,86,3.0,90.0,51.0,51900.0,0.0,0.0,52000.0,0.0,0.0,125.0,-22.0,45.0,39.0,25.0,30.0,30.0,0.0,30.0,-30.0,3.0,3.0,2.0,1.0,94.0,26.0,50.0,24.0,27.0,84.0,83.0,88.0,36.0,10.0,86.0,86.0,86.0,86.0,86.0,86.0,86.0,86.0,86.0,86.0,86.0,86.0
00:00:27:459,86,3.0,90.0,51.0,52100.0,0.0,0.0,52000.0,0.0,0.0,125.0,-22.0,97.0,25.0,0.0,30.0,30.0,18.0,30.0,-30.0,3.0,3.0,2.0,1.0,94.0,26.0,50.0,24.0,27.0,84.0,83.0,88.0,36.0,10.0,86.0,86.0,86.0,86.0,86.0,86.0,86.0,86.0,86.0,86.0,86.0,86.0
00:00:27:511,86,3.0,90.0,51.0,52100.0,0.0,0.0,52200.0,0.0,0.0,184.0,-22.0,97.0,25.0,15.0,30.0,30.0,0.0,30.0,-30.0,3.0,3.0,2.0,1.0,94.0,26.0,50.0,24.0,27.0,84.0,83.0,88.0,36.0,10.0,86.0,86.0,86.0,86.0,86.0,86.0,86.0,86.0,86.0,86.0,86.0,86.0
00:00:27:563,86,3.0,90.0,51.0,52300.0,0.0,0.0,52200.0,0.0,0.0,184.0,-22.0,98.0,36.0,0.0,30.0,30.0,24.0,30.0,-30.0,3.0,3.0,2.0,1.0,94.0,26.0,50.0,24.0,27.0,84.0,83.0,88.0,36.0,10.0,86.0,86.0,86.0,86.0,86.0,86.0,86.0,86.0,86.0,86.0,86.0,86.0
00:00:27:614,86,3.0,90.0,51.0,52300.0,0.0,0.0,52400.0,0.0,0.0,137.0,4.0,98.0,36.0,30.0,30.0,30.0,0.0,30.0,-30.0,3.0,3.0,2.0,1.0,94.0,26.0,50.0,24.0,27.0,84.0,83.0,88.0,36.0,10.0,86.0,86.0,86.0,86.0,86.0,86.0,86.0,86.0,86.0,86.0,86.0,86.0
00:00:27:667,86,3.0,90.0,51.0,52500.0,0.0,0.0,52400.0,0.0,0.0,137.0,4.0,-34.0,-78.0,0.0,30.0,30.0,10.0,30.0,-30.0,3.0,3.0,2.0,1.0,94.0,26.0,50.0,24.0,27.0,84.0,83.0,88.0,36.0,10.0,86.0,86.0,86.0,86.0,86.0,86.0,86.0,86.0,86.0,86.0,86.0,86.0
00:00:27:718,86,3.0,90.0,51.0,52500.0,0.0,0.0,52600.0,0.0,0.0,-77.0,14.0,-34.0,-78.0,29.0,30.0,30.0,0.0,30.0,-30.0,3.0,3.0,2.0,1.0,94.0,26.0,50.0,24.0,27.0,84.0,83.0,88.0,36.0,10.0,86.0,86.0,86.0,86.0,86.0,86.0,86.0,86.0,86.0,86.0,86.0,86.0
00:00:27:750,86,21.0,86.0,48.0,52500.0,0.0,0.0,52600.0,0.0,0.0,-77.0,14.0,-34.0,-78.0,29.0,30.0,30.0,0.0,30.0,-30.0,3.0,3.0,72.0,23.0,74.0,3.0,85.0,2.0,52.0,25.0,98.0,26.0,35.0,77.0,86.0,86.0,86.0,86.0,86.0,86.0,86.0,86.0,86.0,86.0,86.0,86.0
00:00:27:771,86,21.0,86.0,48.0,52700.0,0.0,0.0,52600.0,0.0,0.0,-77.0,14.0,-66.0,12.0,0.0,30.0,30.0,14.0,30.0,-30.0,3.0,3.0,72.0,23.0,74.0,3.0,85.0,2.0,52.0,25.0,98.0,26.0,35.0,77.0,86.0,86.0,86.0,86.0,86.0,86.0,86.0,86.0,86.0,86.0,86.0,86.0
00:00:27:823,86,21.0,86.0,48.0,52700.0,0.0,0.0,52800.0,0.0,0.0,66.0,-27.0,-66.0,12.0,23.0,30.0,30.0,0.0,30.0,-30.0,3.0,3.0,72.0,23.0,74.0,3.0,85.0,2.0,52.0,25.0,98.0,26.0,35.0,77.0,86.0,86.0,86.0,86.0,86.0,86.0,86.0,86.0,86.0,86.0,86.0,86.0
00:00:27:876,86,21.0,86.0,48.0,52900.0,0.0,0.0,52800.0,0.0,0.0,66.0,-27.0,57.0,-29.0,0.0,30.0,30.0,29.0,30.0,-30.0,3.0,3.0,72.0,23.0,74.0,3.0,85.0,2.0,52.0,25.0,98.0,26.0,35.0,77.0,86.0,86.0,86.0,86.0,86.0,86.0,86.0,86.0,86.0,86.0,86.0,86.0
00:00:27:927,86,21.0,86.0,48.0,52900.0,0.0,0.0,53000.0,0.0,0.0,84.0,23.0,57.0,-29.0,24.0,30.0,30.0,0.0,30.0,-30.0,3.0,3.0,72.0,23.0,74.0,3.0,85.0,2.0,52.0,25.0,98.0,26.0,35.0,77.0,86.0,86.0,86.0,86.0,86.0,86.0,86.0,86.0,86.0,86.0,86.0,86.0
00:00:27:980,86,21.0,86.0,48.0,53100.0,0.0,0.0,53000.0,0.0,0.0,84.0,23.0,65.0,52.0,0.0,30.0,30.0,10.0,30.0,-30.0,3.0,3.0,72.0,23.0,74.0,3.0,85.0,2.0,52.0,25.0,98.0,26.0,35.0,77.0,86.0,86.0,86.0,86.0,86.0,86.0,86.0,86.0,86.0,86.0,86.0,86.0
00:00:28:031,86,21.0,86.0,48.0,53100.0,0.0,0.0,53200.0,0.0,0.0,136.0,31.0,65.0,52.0,29.0,30.0,30.0,0.0,30.0,-30.0,3.0,3.0,72.0,23.0,74.0,3.0,85.0,2.0,52.0,25.0,98.0,26.0,35.0,77.0,86.0,86.0,86.0,86.0,86.0,86.0,86.0,86.0,86.0,86.0,86.0,86.0
00:00:28:034,85,21.0,86.0,48.0,53100.0,0.0,0.0,53200.0,0.0,0.0,136.0,31.0,65.0,52.0,29.0,30.0,30.0,0.0,30.0,-30.0,3.0,3.0,72.0,23.0,74.0,3.0,85.0,2.0,52.0,25.0,98.0,26.0,35.0,77.0,85.0,85.0,85.0,85.0,85.0,85.0,85.0,85.0,85.0,85.0,85.0,85.0
00:00:28:084,85,21.0,86.0,48.0,53300.0,0.0,0.0,53200.0,0.0,0.0,136.0,31.0,8.0,75.0,0.0,30.0,30.0,10.0,30.0,-30.0,3.0,3.0,72.0,23.0,74.0,3.0,85.0,2.0,52.0,25.0,98.0,26.0,35.0,77.0,85.0,85.0,85.0,85.0,85.0,85.0,85.0,85.0,85.0,85.0,85.0,85.0
00:00:28:136,85,21.0,86.0,48.0,53300.0,0.0,0.0,53400.0,0.0,0.0,21.0,20.0,8.0,75.0,24.0,30.0,30.0,0.0,30.0,-30.0,3.0,3.0,72.0,23.0,74.0,3.0,85.0,2.0,52.0,25.0,98.0,26.0,35.0,77.0,85.0,85.0,85.0,85.0,85.0,85.0,85.0,85.0,85.0,85.0,85.0,85.0
00:00:28:188,85,21.0,86.0,48.0,53500.0,0.0,0.0,53400.0,0.0,0.0,21.0,20.0,-58.0,41.0,0.0,30.0,30.0,15.0,30.0,-30.0,3.0,3.0,72.0,23.0,74.0,3.0,85.0,2.0,52.0,25.0,98.0,26.0,35.0,77.0,85.0,85.0,85.0,85.0,85.0,85.0,85.0,85.0,85.0,85.0,85.0,85.0
00:00:28:240,85,21.0,86.0,48.0,53500.0,0.0,0.0,53600.0,0.0,0.0,114.0,-53.0,-58.0,41.0,21.0,30.0,30.0,0.0,30.0,-30.0,3.0,3.0,72.0,23.0,74.0,3.0,85.0,2.0,52.0,25.0,98.0,26.0,35.0,77.0,85.0,85.0,85.0,85.0,85.0,85.0,85.0,85.0,85.0,85.0,85.0,85.0
00:00:28:254,85,94.0,60.0,10.0,53500.0,0.0,0.0,53600.0,0.0,0.0,114.0,-53.0,-58.0,41.0,21.0,30.0,30.0,0.0,30.0,-30.0,3.0,3.0,29.0,59.0,75.0,85.0,81.0,55.0,90.0,94.0,66.0,74.0,31.0,40.0,85.0,85.0,85.0,85.0,85.0,85.0,85.0,85.0,85.0,85.0,85.0,85.0
00:00:28:301,85,94.0,60.0,10.0,53700.0,0.0,0.0,53600.0,0.0,0.0,114.0,-53.0,-70.0,37.0,0.0,30.0,30.0,13.0,30.0,-30.0,3.0,3.0,29.0,59.0,75.0,85.0,81.0,55.0,90.0,94.0,66.0,74.0,31.0,40.0,85.0,85.0,85.0,85.0,85.0,85.0,85.0,85.0,85.0,85.0,85.0,85.0
00:00:28:343,85,94.0,60.0,10.0,53700.0,0.0,0.0,53800.0,0.0,0.0,234.0,29.0,-70.0,37.0,16.0,30.0,30.0,0.0,30.0,-30.0,3.0,3.0,29.0,59.0,75.0,85.0,81.0,55.0,90.0,94.0,66.0,74.0,31.0,40.0,85.0,85.0,85.0,85.0,85.0,85.0,85.0,85.0,85.0,85.0,85.0,85.0
00:00:28:395,85,94.0,60.0,10.0,53900.0,0.0,0.0,53800.0,0.0,0.0,234.0,29.0,10.0,-47.0,0.0,30.0,30.0,19.0,30.0,-30.0,3.0,3.0,29.0,59.0,75.0,85.0,81.0,55.0,90.0,94.0,66.0,74.0,31.0,40.0,85.0,85.0,85.0,85.0,85.0,85.0,85.0,85.0,85.0,85.0,85.0,85.0
00:00:28:449,85,94.0,60.0,10.0,53900.0,0.0,0.0,54000.0,0.0,0.0,-6.0,-42.0,10.0,-47.0,11.0,30.0,30.0,0.0,30.0,-30.0,3.0,3.0,29.0,59.0,75.0,85.0,81.0,55.0,90.0,94.0,66.0,74.0,31.0,40.0,85.0,85.0,85.0,85.0,85.0,85.0,85.0,85.0,85.0,85.0,85.0,85.0
00:00:28:502,85,94.0,60.0,10.0,54100.0,0.0,0.0,54000.0,0.0,0.0,-6.0,-42.0,-45.0,44.0,0.0,30.0,30.0,23.0,30.0,-30.0,3.0,3.0,29.0,59.0,75.0,85.0,81.0,55.0,90.0,94.0,66.0,74.0,31.0,40.0,85.0,85.0,85.0,85.0,85.0,85.0,85.0,85.0,85.0,85.0,85.0,85.0
00:00:28:554,85,94.0,60.0,10.0,54100.0,0.0,0.0,54200.0,0.0,0.0,31.0,75.0,-45.0,44.0,16.0,30.0,30.0,0.0,30.0,-30.0,3.0,3.0,29.0,59.0,75.0,85.0,81.0,55.0,90.0,94.0,66.0,74.0,31.0,40.0,85.0,85.0,85.0,85.0,85.0,85.0,85.0,85.0,85.0,85.0,85.0,85.0
00:00:28:606,85,94.0,60.0,10.0,54300.0,0.0,0.0,54200.0,0.0,0.0,31.0,75.0,69.0,-75.0,0.0,30.0,30.0,27.0,30.0,-30.0,3.0,3.0,29.0,59.0,75.0,85.0,81.0,55.0,90.0,94.0,66.0,74.0,31.0,40.0,85.0,85.0,85.0,85.0,85.0,85.0,85.0,85.0,85.0,85.0,85.0,85.0
00:00:28:659,85,94.0,60.0,10.0,54300.0,0.0,0.0,54400.0,0.0,0.0,-71.0,61.0,69.0,-75.0,26.0,30.0,30.0,0.0,30.0,-30.0,3.0,3.0,29.0,59.0,75.0,85.0,81.0,55.0,90.0,94.0,66.0,74.0,31.0,40.0,85.0,85.0,85.0,85.0,85.0,85.0,85.0,85.0,85.0,85.0,85.0,85.0
00:00:28:710,85,94.0,60.0,10.0,54500.0,0.0,0.0,54400.0,0.0,0.0,-71.0,61.0,-26.0,-73.0,0.0,30.0,30.0,26.0,30.0,-30.0,3.0,3.0,29.0,59.0,75.0,85.0,81.0,55.0,90.0,94.0,66.0,74.0,31.0,40.0,85.0,85.0,85.0,85.0,85.0,85.0,85.0,85.0,85.0,85.0,85.0,85.0
00:00:28:754,85,47.0,68.0,73.0,54500.0,0.0,0.0,54400.0,0.0,0.0,-71.0,61.0,-26.0,-73.0,0.0,30.0,30.0,26.0,30.0,-30.0,3.0,3.0,42.0,96.0,93.0,100.0,53.0,35.0,56.0,21.0,66.0,5.0,91.0,23.0,85.0,85.0,85.0,85.0,85.0,85.0,85.0,85.0,85.0,85.0,85.0,85.0
00:00:28:772,85,47.0,68.0,73.0,54500.0,0.0,0.0,54600.0,0.0,0.0,-64.0,4.0,-26.0,-73.0,19.0,30.0,30.0,0.0,30.0,-30.0,3.0,3.0,42.0,96.0,93.0,100.0,53.0,35.0,56.0,21.0,66.0,5.0,91.0,23.0,85.0,85.0,85.0,85.0,85.0,85.0,85.0,85.0,85.0,85.0,85.0,85.0
00:00:28:814,85,47.0,68.0,73.0,54700.0,0.0,0.0,54600.0,0.0,0.0,-64.0,4.0,30.0,76.0,0.0,30.0,30.0,27.0,30.0,-30.0,3.0,3.0,42.0,96.0,93.0,100.0,53.0,35.0,56.0,21.0,66.0,5.0,91.0,23.0,85.0,85.0,85.0,85.0,85.0,85.0,85.0,85.0,85.0,85.0,85.0,85.0
00:00:28:866,85,47.0,68.0,73.0,54700.0,0.0,0.0,54800.0,0.0,0.0,-33.0,78.0,30.0,76.0,19.0,30.0,30.0,0.0,30.0,-30.0,3.0,3.0,42.0,96.0,93.0,100.0,53.0,35.0,56.0,21.0,66.0,5.0,91.0,23.0,85.0,85.0,85.0,85.0,85.0,85.0,85.0,85.0,85.0,85.0,85.0,85.0
00:00:28:917,85,47.0,68.0,73.0,54900.0,0.0,0.0,54800.0,0.0,0.0,-33.0,78.0,191.0,-33.0,0.0,30.0,30.0,10.0,30.0,-30.0,3.0,3.0,42.0,96.0,93.0,100.0,53.0,35.0,56.0,21.0,66.0,5.0,91.0,23.0,85.0,85.0,85.0,85.0,85.0,85.0,85.0,85.0,85.0,85.0,85.0,85.0
00:00:28:970,85,47.0,68.0,73.0,54900.0,0.0,0.0,55000.0,0.0,0.0,159.0,41.0,191.0,-33.0,29.0,30.0,30.0,0.0,30.0,-30.0,3.0,3.0,42.0,96.0,93.0,100.0,53.0,35.0,56.0,21.0,66.0,5.0,91.0,23.0,85.0,85.0,85.0,85.0,85.0,85.0,85.0,85.0,85.0,85.0,85.0,85.0
00:00:29:023,85,47.0,68.0,73.0,55100.0,0.0,0.0,55000.0,0.0,0.0,159.0,41.0,229.0,25.0,0.0,30.0,30.0,19.0,30.0,-30.0,3.0,3.0,42.0,96.0,93.0,100.0,53.0,35.0,56.0,21.0,66.0,5.0,91.0,23.0,85.0,85.0,85.0,85.0,85.0,85.0,85.0,85.0,85.0,85.0,85.0,85.0
00:00:29:075,85,47.0,68.0,73.0,55100.0,0.0,0.0,55200.0,0.0,0.0,-15.0,-64.0,229.0,25.0,23.0,30.0,30.0,0.0,30.0,-30.0,3.0,3.0,42.0,96.0,93.0,100.0,53.0,35.0,56.0,21.0,66.0,5.0,91.0,23.0,85.0,85.0,85.0,85.0,85.0,85.0,85.0,85.0,85.0,85.0,85.0,85.0
00:00:29:127,85,47.0,68.0,73.0,55300.0,0.0,0.0,55200.0,0.0,0.0,-15.0,-64.0,97.0,-2.0,0.0,30.0,30.0,13.0,30.0,-30.0,3.0,3.0,42.0,96.0,93.0,100.0,53.0,35.0,56.0,21.0,66.0,5.0,91.0,23.0,85.0,85.0,85.0,85.0,85.0,85.0,85.0,85.0,85.0,85.0,85.0,85.0
00:00:29:178,85,47.0,68.0,73.0,55300.0,0.0,0.0,55400.0,0.0,0.0,39.0,-42.0,97.0,-2.0,30.0,30.0,30.0,0.0,30.0,-30.0,3.0,3.0,42.0,96.0,93.0,100.0,53.0,35.0,56.0,21.0,66.0,5.0,91.0,23.0,85.0,85.0,85.0,85.0,85.0,85.0,85.0,85.0,85.0,85.0,85.0,85.0
00:00:29:231,85,47.0,68.0,73.0,55500.0,0.0,0.0,55400.0,0.0,0.0,39.0,-42.0,85.0,67.0,0.0,30.0,30.0,16.0,30.0,-30.0,3.0,3.0,42.0,96.0,93.0,100.0,53.0,35.0,56.0,21.0,66.0,5.0,91.0,23.0,85.0,85.0,85.0,85.0,85.0,85.0,85.0,85.0,85.0,85.0,85.0,85.0
00:00:29:257,85,72.0,17.0,38.0,55500.0,0.0,0.0,55400.0,0.0,0.0,39.0,-42.0,85.0,67.0,0.0,30.0,30.0,16.0,30.0,-30.0,3.0,3.0,38.0,43.0,19.0,1.0,83.0,16.0,58.0,39.0,97.0,23.0,67.0,71.0,85.0,85.0,85.0,85.0,85.0,85.0,85.0,85.0,85.0,85.0,85.0,85.0
00:00:29:284,85,72.0,17.0,38.0,55500.0,0.0,0.0,55600.0,0.0,0.0,38.0,45.0,85.0,67.0,18.0,30.0,30.0,0.0,30.0,-30.0,3.0,3.0,38.0,43.0,19.0,1.0,83.0,16.0,58.0,39.0,97.0,23.0,67.0,71.0,85.0,85.0,85.0,85.0,85.0,85.0,85.0,85.0,85.0,85.0,85.0,85.0
00:00:29:336,85,72.0,17.0,38.0,55700.0,0.0,0.0,55600.0,0.0,0.0,38.0,45.0,213.0,-36.0,0.0,30.0,30.0,22.0,30.0,-30.0,3.0,3.0,38.0,43.0,19.0,1.0,83.0,16.0,58.0,39.0,97.0,23.0,67.0,71.0,85.0,85.0,85.0,85.0,85.0,85.0,85.0,85.0,85.0,85.0,85.0,85.0
00:00:29:389,85,72.0,17.0,38.0,55700.0,0.0,0.0,55800.0,0.0,0.0,139.0,76.0,213.0,-36.0,23.0,30.0,30.0,0.0,30.0,-30.0,3.0,3.0,38.0,43.0,19.0,1.0,83.0,16.0,58.0,39.0,97.0,23.0,67.0,71.0,85.0,85.0,85.0,85.0,85.0,85.0,85.0,85.0,85.0,85.0,85.0,85.0
00:00:29:440,85,72.0,17.0,38.0,55900.0,0.0,0.0,55800.0,0.0,0.0,139.0,76.0,86.0,15.0,0.0,30.0,30.0,22.0,30.0,-30.0,3.0,3.0,38.0,43.0,19.0,1.0,83.0,16.0,58.0,39.0,97.0,23.0,67.0,71.0,85.0,85.0,85.0,85.0,85.0,85.0,85.0,85.0,85.0,85.0,85.0,85.0
00:00:29:492,85,72.0,17.0,38.0,55900.0,0.0,0.0,56000.0,0.0,0.0,114.0,-28.0,86.0,15.0,30.0,30.0,30.0,0.0,30.0,-30.0,3.0,3.0,38.0,43.0,19.0,1.0,83.0,16.0,58.0,39.0,97.0,23.0,67.0,71.0,85.0,85.0,85.0,85.0,85.0,85.0,85.0,85.0,85.0,85.0,85.0,85.0
00:00:29:544,85,72.0,17.0,38.0,56100.0,0.0,0.0,56000.0,0.0,0.0,114.0,-28.0,194.0,-37.0,0.0,30.0,30.0,28.0,30.0,-30.0,3.0,3.0,38.0,43.0,19.0,1.0,83.0,16.0,58.0,39.0,97.0,23.0,67.0,71.0,85.0,85.0,85.0,85.0,85.0,85.0,85.0,85.0,85.0,85.0,85.0,85.0
00:00:29:596,85,72.0,17.0,38.0,56100.0,0.0,0.0,56200.0,0.0,0.0,-72.0,-4.0,194.0,-37.0,13.0,30.0,30.0,0.0,30.0,-30.0,3.0,3.0,38.0,43.0,19.0,1.0,83.0,16.0,58.0,39.0,97.0,23.0,67.0,71.0,85.0,85.0,85.0,85.0,85.0,85.0,85.0,85.0,85.0,85.0,85.0,85.0
00:00:29:648,85,72.0,17.0,38.0,56300.0,0.0,0.0,56200.0,0.0,0.0,-72.0,-4.0,212.0,70.0,0.0,30.0,30.0,30.0,30.0,-30.0,3.0,3.0,38.0,43.0,19.0,1.0,83.0,16.0,58.0,39.0,97.0,23.0,67.0,71.0,85.0,85.0,85.0,85.0,85.0,85.0,85.0,85.0,85.0,85.0,85.0,85.0
00:00:29:701,85,72.0,17.0,38.0,56300.0,0.0,0.0,56400.0,0.0,0.0,105.0,-7.0,212.0,70.0,21.0,30.0,30.0,0.0,30.0,-30.0,3.0,3.0,38.0,43.0,19.0,1.0,83.0,16.0,58.0,39.0,97.0,23.0,67.0,71.0,85.0,85.0,85.0,85.0,85.0,85.0,85.0,85.0,85.0,85.0,85.0,85.0
00:00:29:752,85,76.0,90.0,14.0,56500.0,0.0,0.0,56400.0,0.0,0.0,105.0,-7.0,60.0,-58.0,0.0,30.0,30.0,10.0,30.0,-30.0,3.0,3.0,97.0,86.0,44.0,82.0,9.0,41.0,98.0,22.0,17.0,58.0,59.0,90.0,85.0,85.0,85.0,85.0,85.0,85.0,85.0,85.0,85.0,85.0,85.0,85.0
00:00:29:755,85,76.0,90.0,14.0,56500.0,0.0,0.0,56400.0,0.0,0.0,105.0,-7.0,60.0,-58.0,0.0,30.0,30.0,10.0,30.0,-30.0,3.0,3.0,97.0,86.0,44.0,82.0,9.0,41.0,98.0,22.0,17.0,58.0,59.0,90.0,85.0,85.0,85.0,85.0,85.0,85.0,85.0,85.0,85.0,85.0,85.0,85.0
00:00:29:804,85,76.0,90.0,14.0,56500.0,0.0,0.0,56600.0,0.0,0.0,-23.0,-39.0,60.0,-58.0,10.0,30.0,30.0,0.0,30.0,-30.0,3.0,3.0,97.0,86.0,44.0,82.0,9.0,41.0,98.0,22.0,17.0,58.0,59.0,90.0,85.0,85.0,85.0,85.0,85.0,85.0,85.0,85.0,85.0,85.0,85.0,85.0
00:00:29:856,85,76.0,90.0,14.0,56700.0,0.0,0.0,56600.0,0.0,0.0,-23.0,-39.0,-55.0,18.0,0.0,30.0,30.0,22.0,30.0,-30.0,3.0,3.0,97.0,86.0,44.0,82.0,9.0,41.0,98.0,22.0,17.0,58.0,59.0,90.0,85.0,85.0,85.0,85.0,85.0,85.0,85.0,85.0,85.0,85.0,85.0,85.0
00:00:29:908,85,76.0,90.0,14.0,56700.0,0.0,0.0,56800.0,0.0,0.0,202.0,37.0,-55.0,18.0,20.0,30.0,30.0,0.0,30.0,-30.0,3.0,3.0,97.0,86.0,44.0,82.0,9.0,41.0,98.0,22.0,17.0,58.0,59.0,90.0,85.0,85.0,85.0,85.0,85.0,85.0,85.0,85.0,85.0,85.0,85.0,85.0
00:00:29:960,85,76.0,90.0,14.0,56900.0,0.0,0.0,56800.0,0.0,0.0,202.0,37.0,-36.0,-63.0,0.0,30.0,30.0,16.0,30.0,-30.0,3.0,3.0,97.0,86.0,44.0,82.0,9.0,41.0,98.0,22.0,17.0,58.0,59.0,90.0,85.0,85.0,85.0,85.0,85.0,85.0,85.0,85.0,85.0,85.0,85.0,85.0
00:00:30:012,85,76.0,90.0,14.0,56900.0,0.0,0.0,57000.0,0.0,0.0,93.0,-39.0,-36.0,-63.0,13.0,30.0,30.0,0.0,30.0,-30.0,3.0,3.0,97.0,86.0,44.0,82.0,9.0,41.0,98.0,22.0,17.0,58.0,59.0,90.0,85.0,85.0,85.0,85.0,85.0,85.0,85.0,85.0,85.0,85.0,85.0,85.0
00:00:30:035,84,76.0,90.0,14.0,56900.0,0.0,0.0,57000.0,0.0,0.0,93.0,-39.0,-36.0,-63.0,13.0,30.0,30.0,0.0,30.0,-30.0,3.0,3.0,97.0,86.0,44.0,82.0,9.0,41.0,98.0,22.0,17.0,58.0,59.0,90.0,84.0,84.0,84.0,84.0,84.0,84.0,84.0,84.0,84.0,84.0,84.0,84.0
00:00:30:067,84,76.0,90.0,14.0,57100.0,0.0,0.0,57000.0,0.0,0.0,93.0,-39.0,-63.0,-67.0,0.0,30.0,30.0,18.0,30.0,-30.0,3.0,3.0,97.0,86.0,44.0,82.0,9.0,41.0,98.0,22.0,17.0,58.0,59.0,90.0,84.0,84.0,84.0,84.0,84.0,84.0,84.0,84.0,84.0,84.0,84.0,84.0
00:00:30:116,84,76.0,90.0,14.0,57100.0,0.0,0.0,57200.0,0.0,0.0,142.0,71.0,-63.0,-67.0,22.0,30.0,30.0,0.0,30.0,-30.0,3.0,3.0,97.0,86.0,44.0,82.0,9.0,41.0,98.0,22.0,17.0,58.0,59.0,90.0,84.0,84.0,84.0,84.0,84.0,84.0,84.0,84.0,84.0,84.0,84.0,84.0
00:00:30:168,84,76.0,90.0,14.0,57300.0,0.0,0.0,57200.0,0.0,0.0,142.0,71.0,148.0,79.0,0.0,30.0,30.0,23.0,30.0,-30.0,3.0,3.0,97.0,86.0,44.0,82.0,9.0,41.0,98.0,22.0,17.0,58.0,59.0,90.0,84.0,84.0,84.0,84.0,84.0,84.0,84.0,84.0,84.0,84.0,84.0,84.0
00:00:30:220,84,76.0,90.0,14.0,57300.0,0.0,0.0,57400.0,0.0,0.0,134.0,-23.0,148.0,79.0,24.0,30.0,30.0,0.0,30.0,-30.0,3.0,3.0,97.0,86.0,44.0,82.0,9.0,41.0,98.0,22.0,17.0,58.0,59.0,90.0,84.0,84.0,84.0,84.0,84.0,84.0,84.0,84.0,84.0,84.0,84.0,84.0
00:00:30:255,84,1.0,12.0,21.0,57300.0,0.0,0.0,57400.0,0.0,0.0,134.0,-23.0,148.0,79.0,24.0,30.0,30.0,0.0,30.0,-30.0,3.0,3.0,74.0,29.0,42.0,89.0,91.0,59.0,98.0,6.0,38.0,32.0,75.0,61.0,84.0,84.0,84.0,84.0,84.0,84.0,84.0,84.0,84.0,84.0,84.0,84.0
00:00:30:274,84,1.0,12.0,21.0,57500.0,0.0,0.0,57400.0,0.0,0.0,134.0,-23.0,-9.0,40.0,0.0,30.0,30.0,15.0,30.0,-30.0,3.0,3.0,74.0,29.0,42.0,89.0,91.0,59.0,98.0,6.0,38.0,32.0,75.0,61.0,84.0,84.0,84.0,84.0,84.0,84.0,84.0,84.0,84.0,84.0,84.0,84.0
00:00:30:324,84,1.0,12.0,21.0,57500.0,0.0,0.0,57600.0,0.0,0.0,228.0,5.0,-9.0,40.0,21.0,30.0,30.0,0.0,30.0,-30.0,3.0,3.0,74.0,29.0,42.0,89.0,91.0,59.0,98.0,6.0,38.0,32.0,75.0,61.0,84.0,84.0,84.0,84.0,84.0,84.0,84.0,84.0,84.0,84.0,84.0,84.0
00:00:30:375,84,1.0,12.0,21.0,57700.0,0.0,0.0,57600.0,0.0,0.0,228.0,5.0,212.0,-40.0,0.0,30.0,30.0,12.0,30.0,-30.0,3.0,3.0,74.0,29.0,42.0,89.0,91.0,59.0,98.0,6.0,38.0,32.0,75.0,61.0,84.0,84.0,84.0,84.0,84.0,84.0,84.0,84.0,84.0,84.0,84.0,84.0
00:00:30:428,84,1.0,12.0,21.0,57700.0,0.0,0.0,57800.0,0.0,0.0,-8.0,-4.0,212.0,-40.0,17.0,30.0,30.0,0.0,30.0,-30.0,3.0,3.0,74.0,29.0,42.0,89.0,91.0,59.0,98.0,6.0,38.0,32.0,75.0,61.0,84.0,84.0,84.0,84.0,84.0,84.0,84.0,84.0,84.0,84.0,84.0,84.0
00:00:30:480,84,1.0,12.0,21.0,57900.0,0.0,0.0,57800.0,0.0,0.0,-8.0,-4.0,-67.0,31.0,0.0,30.0,30.0,10.0,30.0,-30.0,3.0,3.0,74.0,29.0,42.0,89.0,91.0,59.0,98.0,6.0,38.0,32.0,75.0,61.0,84.0,84.0,84.0,84.0,84.0,84.0,84.0,84.0,84.0,84.0,84.0,84.0
00:00:30:532,84,1.0,12.0,21.0,57900.0,0.0,0.0,58000.0,0.0,0.0,35.0,16.0,-67.0,31.0,21.0,30.0,30.0,0.0,30.0,-30.0,3.0,3.0,74.0,29.0,42.0,89.0,91.0,59.0,98.0,6.0,38.0,32.0,75.0,61.0,84.0,84.0,84.0,84.0,84.0,84.0,84.0,84.0,84.0,84.0,84.0,84.0
00:00:30:583,84,1.0,12.0,21.0,58100.0,0.0,0.0,58000.0,0.0,0.0,35.0,16.0,153.0,33.0,0.0,30.0,30.0,26.0,30.0,-30.0,3.0,3.0,74.0,29.0,42.0,89.0,91.0,59.0,98.0,6.0,38.0,32.0,75.0,61.0,84.0,84.0,84.0,84.0,84.0,84.0,84.0,84.0,84.0,84.0,84.0,84.0
00:00:30:635,84,1.0,12.0,21.0,58100.0,0.0,0.0,58200.0,0.0,0.0,190.0,69.0,153.0,33.0,26.0,30.0,30.0,0.0,30.0,-30.0,3.0,3.0,74.0,29.0,42.0,89.0,91.0,59.0,98.0,6.0,38.0,32.0,75.0,61.0,84.0,84.0,84.0,84.0,84.0,84.0,84.0,84.0,84.0,84.0,84.0,84.0
00:00:30:687,84,1.0,12.0,21.0,58300.0,0.0,0.0,58200.0,0.0,0.0,190.0,69.0,160.0,-35.0,0.0,30.0,30.0,25.0,30.0,-30.0,3.0,3.0,74.0,29.0,42.0,89.0,91.0,59.0,98.0,6.0,38.0,32.0,75.0,61.0,84.0,84.0,84.0,84.0,84.0,84.0,84.0,84.0,84.0,84.0,84.0,84.0
00:00:30:739,84,1.0,12.0,21.0,58300.0,0.0,0.0,58400.0,0.0,0.0,30.0,-73.0,160.0,-35.0,15.0,30.0,30.0,0.0,30.0,-30.0,3.0,3.0,74.0,29.0,42.0,89.0,91.0,59.0,98.0,6.0,38.0,32.0,75.0,61.0,84.0,84.0,84.0,84.0,84.0,84.0,84.0,84.0,84.0,84.0,84.0,84.0
00:00:30:760,84,42.0,60.0,38.0,58300.0,0.0,0.0,58400.0,0.0,0.0,30.0,-73.0,160.0,-35.0,15.0,30.0,30.0,0.0,30.0,-30.0,3.0,3.0,25.0,85.0,34.0,29.0,23.0,70.0,85.0,32.0,43.0,72.0,2.0,72.0,84.0,84.0,84.0,84.0,84.0,84.0,84.0,84.0,84.0,84.0,84.0,84.0
00:00:30:792,84,42.0,60.0,38.0,58500.0,0.0,0.0,58400.0,0.0,0.0,30.0,-73.0,1.0,-15.0,0.0,30.0,30.0,11.0,30.0,-30.0,3.0,3.0,25.0,85.0,34.0,29.0,23.0,70.0,85.0,32.0,43.0,72.0,2.0,72.0,84.0,84.0,84.0,84.0,84.0,84.0,84.0,84.0,84.0,84.0,84.0,84.0
00:00:30:843,84,42.0,60.0,38.0,58500.0,0.0,0.0,58600.0,0.0,0.0,-26.0,30.0,1.0,-15.0,14.0,30.0,30.0,0.0,30.0,-30.0,3.0,3.0,25.0,85.0,34.0,29.0,23.0,70.0,85.0,32.0,43.0,72.0,2.0,72.0,84.0,84.0,84.0,84.0,84.0,84.0,84.0,84.0,84.0,84.0,84.0,84.0
00:00:30:895,84,42.0,60.0,38.0,58700.0,0.0,0.0,58600.0,0.0,0.0,-26.0,30.0,53.0,-41.0,0.0,30.0,30.0,22.0,30.0,-30.0,3.0,3.0,25.0,85.0,34.0,29.0,23.0,70.0,85.0,32.0,43.0,72.0,2.0,72.0,84.0,84.0,84.0,84.0,84.0,84.0,84.0,84.0,84.0,84.0,84.0,84.0
00:00:30:947,84,42.0,60.0,38.0,58700.0,0.0,0.0,58800.0,0.0,0.0,130.0,-60.0,53.0,-41.0,30.0,30.0,30.0,0.0,30.0,-30.0,3.0,3.0,25.0,85.0,34.0,29.0,23.0,70.0,85.0,32.0,43.0,72.0,2.0,72.0,84.0,84.0,84.0,84.0,84.0,84.0,84.0,84.0,84.0,84.0,84.0,84.0
00:00:31:000,84,42.0,60.0,38.0,58900.0,0.0,0.0,58800.0,0.0,0.0,130.0,-60.0,34.0,54.0,0.0,30.0,30.0,28.0,30.0,-30.0,3.0,3.0,25.0,85.0,34.0,29.0,23.0,70.0,85.0,32.0,43.0,72.0,2.0,72.0,84.0,84.0,84.0,84.0,84.0,84.0,84.0,84.0,84.0,84.0,84.0,84.0
00:00:31:051,84,42.0,60.0,38.0,58900.0,0.0,0.0,59000.0,0.0,0.0,96.0,-77.0,34.0,54.0,21.0,30.0,30.0,0.0,30.0,-30.0,3.0,3.0,25.0,85.0,34.0,29.0,23.0,70.0,85.0,32.0,43.0,72.0,2.0,72.0,84.0,84.0,84.0,84.0,84.0,84.0,84.0,84.0,84.0,84.0,84.0,84.0
00:00:31:103,84,42.0,60.0,38.0,59100.0,0.0,0.0,59000.0,0.0,0.0,96.0,-77.0,226.0,-57.0,0.0,30.0,30.0,27.0,30.0,-30.0,3.0,3.0,25.0,85.0,34.0,29.0,23.0,70.0,85.0,32.0,43.0,72.0,2.0,72.0,84.0,84.0,84.0,84.0,84.0,84.0,84.0,84.0,84.0,84.0,84.0,84.0
00:00:31:155,84,42.0,60.0,38.0,59100.0,0.0,0.0,59200.0,0.0,0.0,169.0,-48.0,226.0,-57.0,28.0,30.0,30.0,0.0,30.0,-30.0,3.0,3.0,25.0,85.0,34.0,29.0,23.0,70.0,85.0,32.0,43.0,72.0,2.0,72.0,84.0,84.0,84.0,84.0,84.0,84.0,84.0,84.0,84.0,84.0,84.0,84.0
00:00:31:208,84,42.0,60.0,38.0,59300.0,0.0,0.0,59200.0,0.0,0.0,169.0,-48.0,47.0,27.0,0.0,30.0,30.0,11.0,30.0,-30.0,3.0,3.0,25.0,85.0,34.0,29.0,23.0,70.0,85.0,32.0,43.0,72.0,2.0,72.0,84.0,84.0,84.0,84.0,84.0,84.0,84.0,84.0,84.0,84.0,84.0,84.0
00:00:31:260,84,42.0,60.0,38.0,59300.0,0.0,0.0,59400.0,0.0,0.0,214.0,30.0,47.0,27.0,10.0,30.0,30.0,0.0,30.0,-30.0,3.0,3.0,25.0,85.0,34.0,29.0,23.0,70.0,85.0,32.0,43.0,72.0,2.0,72.0,84.0,84.0,84.0,84.0,84.0,84.0,84.0,84.0,84.0,84.0,84.0,84.0
00:00:31:262,84,9.0,30.0,50.0,59300.0,0.0,0.0,59400.0,0.0,0.0,214.0,30.0,47.0,27.0,10.0,30.0,30.0,0.0,30.0,-30.0,3.0,3.0,77.0,43.0,99.0,22.0,51.0,27.0,37.0,14.0,68.0,5.0,73.0,85.0,84.0,84.0,84.0,84.0,84.0,84.0,84.0,84.0,84.0,84.0,84.0,84.0
00:00:31:311,84,9.0,30.0,50.0,59500.0,0.0,0.0,59400.0,0.0,0.0,214.0,30.0,155.0,35.0,0.0,30.0,30.0,21.0,30.0,-30.0,3.0,3.0,77.0,43.0,99.0,22.0,51.0,27.0,37.0,14.0,68.0,5.0,73.0,85.0,84.0,84.0,84.0,84.0,84.0,84.0,84.0,84.0,84.0,84.0,84.0,84.0
00:00:31:363,84,9.0,30.0,50.0,59500.0,0.0,0.0,59600.0,0.0,0.0,165.0,16.0,155.0,35.0,11.0,30.0,30.0,0.0,30.0,-30.0,3.0,3.0,77.0,43.0,99.0,22.0,51.0,27.0,37.0,14.0,68.0,5.0,73.0,85.0,84.0,84.0,84.0,84.0,84.0,84.0,84.0,84.0,84.0,84.0,84.0,84.0
00:00:31:416,84,9.0,30.0,50.0,59700.0,0.0,0.0,59600.0,0.0,0.0,165.0,16.0,220.0,23.0,0.0,30.0,30.0,11.0,30.0,-30.0,3.0,3.0,77.0,43.0,99.0,22.0,51.0,27.0,37.0,14.0,68.0,5.0,73.0,85.0,84.0,84.0,84.0,84.0,84.0,84.0,84.0,84.0,84.0,84.0,84.0,84.0
00:00:31:467,84,9.0,30.0,50.0,59700.0,0.0,0.0,59800.0,0.0,0.0,61.0,-68.0,220.0,23.0,11.0,30.0,30.0,0.0,30.0,-30.0,3.0,3.0,77.0,43.0,99.0,22.0,51.0,27.0,37.0,14.0,68.0,5.0,73.0,85.0,84.0,84.0,84.0,84.0,84.0,84.0,84.0,84.0,84.0,84.0,84.0,84.0
00:00:31:522,84,9.0,30.0,50.0,59900.0,0.0,0.0,59800.0,0.0,0.0,61.0,-68.0,29.0,70.0,0.0,30.0,30.0,15.0,30.0,-30.0,3.0,3.0,77.0,43.0,99.0,22.0,51.0,27.0,37.0,14.0,68.0,5.0,73.0,85.0,84.0,84.0,84.0,84.0,84.0,84.0,84.0,84.0,84.0,84.0,84.0,84.0
00:00:31:574,84,9.0,30.0,50.0,59900.0,0.0,0.0,60000.0,0.0,0.0,-28.0,24.0,29.0,70.0,16.0,30.0,30.0,0.0,30.0,-30.0,3.0,3.0,77.0,43.0,99.0,22.0,51.0,27.0,37.0,14.0,68.0,5.0,73.0,85.0,84.0,84.0,84.0,84.0,84.0,84.0,84.0,84.0,84.0,84.0,84.0,84.0
00:00:31:626,84,9.0,30.0,50.0,60100.0,0.0,0.0,60000.0,0.0,0.0,-28.0,24.0,205.0,66.0,0.0,30.0,30.0,29.0,30.0,-30.0,3.0,3.0,77.0,43.0,99.0,22.0,51.0,27.0,37.0,14.0,68.0,5.0,73.0,85.0,84.0,84.0,84.0,84.0,84.0,84.0,84.0,84.0,84.0,84.0,84.0,84.0
00:00:31:677,84,9.0,30.0,50.0,60100.0,0.0,0.0,60200.0,0.0,0.0,81.0,-2.0,205.0,66.0,16.0,30.0,30.0,0.0,30.0,-30.0,3.0,3.0,77.0,43.0,99.0,22.0,51.0,27.0,37.0,14.0,68.0,5.0,73.0,85.0,84.0,84.0,84.0,84.0,84.0,84.0,84.0,84.0,84.0,84.0,84.0,84.0
00:00:31:729,84,9.0,30.0,50.0,60300.0,0.0,0.0,60200.0,0.0,0.0,81.0,-2.0,105.0,41.0,0.0,30.0,30.0,21.0,30.0,-30.0,3.0,3.0,77.0,43.0,99.0,22.0,51.0,27.0,37.0,14.0,68.0,5.0,73.0,85.0,84.0,84.0,84.0,84.0,84.0,84.0,84.0,84.0,84.0,84.0,84.0,84.0
00:00:31:763,84,16.0,97.0,32.0,60300.0,0.0,0.0,60200.0,0.0,0.0,81.0,-2.0,105.0,41.0,0.0,30.0,30.0,21.0,30.0,-30.0,3.0,3.0,11.0,10.0,32.0,44.0,99.0,43.0,50.0,59.0,97.0,28.0,76.0,41.0,84.0,84.0,84.0,84.0,84.0,84.0,84.0,84.0,84.0,84.0,84.0,84.0
00:00:31:781,84,16.0,97.0,32.0,60300.0,0.0,0.0,60400.0,0.0,0.0,103.0,43.0,105.0,41.0,29.0,30.0,30.0,0.0,30.0,-30.0,3.0,3.0,11.0,10.0,32.0,44.0,99.0,43.0,50.0,59.0,97.0,28.0,76.0,41.0,84.0,84.0,84.0,84.0,84.0,84.0,84.0,84.0,84.0,84.0,84.0,84.0
00:00:31:833,84,16.0,97.0,32.0,60500.0,0.0,0.0,60400.0,0.0,0.0,103.0,43.0,-25.0,-24.0,0.0,30.0,30.0,17.0,30.0,-30.0,3.0,3.0,11.0,10.0,32.0,44.0,99.0,43.0,50.0,59.0,97.0,28.0,76.0,41.0,84.0,84.0,84.0,84.0,84.0,84.0,84.0,84.0,84.0,84.0,84.0,84.0
00:00:31:885,84,16.0,97.0,32.0,60500.0,0.0,0.0,60600.0,0.0,0.0,-33.0,-10.0,-25.0,-24.0,18.0,30.0,30.0,0.0,30.0,-30.0,3.0,3.0,11.0,10.0,32.0,44.0,99.0,43.0,50.0,59.0,97.0,28.0,76.0,41.0,84.0,84.0,84.0,84.0,84.0,84.0,84.0,84.0,84.0,84.0,84.0,84.0
00:00:31:937,84,16.0,97.0,32.0,60700.0,0.0,0.0,60600.0,0.0,0.0,-33.0,-10.0,-15.0,30.0,0.0,30.0,30.0,26.0,30.0,-30.0,3.0,3.0,11.0,10.0,32.0,44.0,99.0,43.0,50.0,59.0,97.0,28.0,76.0,41.0,84.0,84.0,84.0,84.0,84.0,84.0,84.0,84.0,84.0,84.0,84.0,84.0
00:00:31:989,84,16.0,97.0,32.0,60700.0,0.0,0.0,60800.0,0.0,0.0,62.0,-78.0,-15.0,30.0,13.0,30.0,30.0,0.0,30.0,-30.0,3.0,3.0,11.0,10.0,32.0,44.0,99.0,43.0,50.0,59.0,97.0,28.0,76.0,41.0,84.0,84.0,84.0,84.0,84.0,84.0,84.0,84.0,84.0,84.0,84.0,84.0
00:00:32:037,83,16.0,97.0,32.0,60700.0,0.0,0.0,60800.0,0.0,0.0,62.0,-78.0,-15.0,30.0,13.0,30.0,30.0,0.0,30.0,-30.0,3.0,3.0,11.0,10.0,32.0,44.0,99.0,43.0,50.0,59.0,97.0,28.0,76.0,41.0,83.0,83.0,83.0,83.0,83.0,83.0,83.0,83.0,83.0,83.0,83.0,83.0
00:00:32:053,83,16.0,97.0,32.0,60900.0,0.0,0.0,60800.0,0.0,0.0,62.0,-78.0,144.0,36.0,0.0,30.0,30.0,29.0,30.0,-30.0,3.0,3.0,11.0,10.0,32.0,44.0,99.0,43.0,50.0,59.0,97.0,28.0,76.0,41.0,83.0,83.0,83.0,83.0,83.0,83.0,83.0,83.0,83.0,83.0,83.0,83.0
00:00:32:093,83,16.0,97.0,32.0,60900.0,0.0,0.0,61000.0,0.0,0.0,-3.0,57.0,144.0,36.0,27.0,30.0,30.0,0.0,30.0,-30.0,3.0,3.0,11.0,10.0,32.0,44.0,99.0,43.0,50.0,59.0,97.0,28.0,76.0,41.0,83.0,83.0,83.0,83.0,83.0,83.0,83.0,83.0,83.0,83.0,83.0,83.0
00:00:32:145,83,16.0,97.0,32.0,61100.0,0.0,0.0,61000.0,0.0,0.0,-3.0,57.0,129.0,-15.0,0.0,30.0,30.0,16.0,30.0,-30.0,3.0,3.0,11.0,10.0,32.0,44.0,99.0,43.0,50.0,59.0,97.0,28.0,76.0,41.0,83.0,83.0,83.0,83.0,83.0,83.0,83.0,83.0,83.0,83.0,83.0,83.0
00:00:32:198,83,16.0,97.0,32.0,61100.0,0.0,0.0,61200.0,0.0,0.0,78.0,-59.0,129.0,-15.0,25.0,30.0,30.0,0.0,30.0,-30.0,3.0,3.0,11.0,10.0,32.0,44.0,99.0,43.0,50.0,59.0,97.0,28.0,76.0,41.0,83.0,83.0,83.0,83.0,83.0,83.0,83.0,83.0,83.0,83.0,83.0,83.0
00:00:32:250,83,16.0,97.0,32.0,61300.0,0.0,0.0,61200.0,0.0,0.0,78.0,-59.0,191.0,-44.0,0.0,30.0,30.0,11.0,30.0,-30.0,3.0,3.0,11.0,10.0,32.0,44.0,99.0,43.0,50.0,59.0,97.0,28.0,76.0,41.0,83.0,83.0,83.0,83.0,83.0,83.0,83.0,83.0,83.0,83.0,83.0,83.0
00:00:32:264,83,94.0,100.0,88.0,61300.0,0.0,0.0,61200.0,0.0,0.0,78.0,-59.0,191.0,-44.0,0.0,30.0,30.0,11.0,30.0,-30.0,3.0,3.0,34.0,46.0,49.0,70.0,27.0,65.0,10.0,80.0,77.0,75.0,44.0,10.0,83.0,83.0,83.0,83.0,83.0,83.0,83.0,83.0,83.0,83.0,83.0,83.0
00:00:32:308,83,94.0,100.0,88.0,61300.0,0.0,0.0,61400.0,0.0,0.0,7.0,-14.0,191.0,-44.0,17.0,30.0,30.0,0.0,30.0,-30.0,3.0,3.0,34.0,46.0,49.0,70.0,27.0,65.0,10.0,80.0,77.0,75.0,44.0,10.0,83.0,83.0,83.0,83.0,83.0,83.0,83.0,83.0,83.0,83.0,83.0,83.0
00:00:32:354,83,94.0,100.0,88.0,61500.0,0.0,0.0,61400.0,0.0,0.0,7.0,-14.0,47.0,18.0,0.0,30.0,30.0,16.0,30.0,-30.0,3.0,3.0,34.0,46.0,49.0,70.0,27.0,65.0,10.0,80.0,77.0,75.0,44.0,10.0,83.0,83.0,83.0,83.0,83.0,83.0,83.0,83.0,83.0,83.0,83.0,83.0
00:00:32:406,83,94.0,100.0,88.0,61500.0,0.0,0.0,61600.0,0.0,0.0,125.0,-50.0,47.0,18.0,14.0,30.0,30.0,0.0,30.0,-30.0,3.0,3.0,34.0,46.0,49.0,70.0,27.0,65.0,10.0,80.0,77.0,75.0,44.0,10.0,83.0,83.0,83.0,83.0,83.0,83.0,83.0,83.0,83.0,83.0,83.0,83.0
00:00:32:458,83,94.0,100.0,88.0,61700.0,0.0,0.0,61600.0,0.0,0.0,125.0,-50.0,183.0,-37.0,0.0,30.0,30.0,19.0,30.0,-30.0,3.0,3.0,34.0,46.0,49.0,70.0,27.0,65.0,10.0,80.0,77.0,75.0,44.0,10.0,83.0,83.0,83.0,83.0,83.0,83.0,83.0,83.0,83.0,83.0,83.0,83.0
00:00:32:509,83,94.0,100.0,88.0,61700.0,0.0,0.0,61800.0,0.0,0.0,199.0,-20.0,183.0,-37.0,13.0,30.0,30.0,0.0,30.0,-30.0,3.0,3.0,34.0,46.0,49.0,70.0,27.0,65.0,10.0,80.0,77.0,75.0,44.0,10.0,83.0,83.0,83.0,83.0,83.0,83.0,83.0,83.0,83.0,83.0,83.0,83.0
00:00:32:561,83,94.0,100.0,88.0,61900.0,0.0,0.0,61800.0,0.0,0.0,199.0,-20.0,217.0,-10.0,0.0,30.0,30.0,18.0,30.0,-30.0,3.0,3.0,34.0,46.0,49.0,70.0,27.0,65.0,10.0,80.0,77.0,75.0,44.0,10.0,83.0,83.0,83.0,83.0,83.0,83.0,83.0,83.0,83.0,83.0,83.0,83.0
00:00:32:612,83,94.0,100.0,88.0,61900.0,0.0,0.0,62000.0,0.0,0.0,116.0,-75.0,217.0,-10.0,16.0,30.0,30.0,0.0,30.0,-30.0,3.0,3.0,34.0,46.0,49.0,70.0,27.0,65.0,10.0,80.0,77.0,75.0,44.0,10.0,83.0,83.0,83.0,83.0,83.0,83.0,83.0,83.0,83.0,83.0,83.0,83.0
00:00:32:665,83,94.0,100.0,88.0,62100.0,0.0,0.0,62000.0,0.0,0.0,116.0,-75.0,-82.0,-30.0,0.0,30.0,30.0,20.0,30.0,-30.0,3.0,3.0,34.0,46.0,49.0,70.0,27.0,65.0,10.0,80.0,77.0,75.0,44.0,10.0,83.0,83.0,83.0,83.0,83.0,83.0,83.0,83.0,83.0,83.0,83.0,83.0
00:00:32:717,83,94.0,100.0,88.0,62100.0,0.0,0.0,62200.0,0.0,0.0,-74.0,-27.0,-82.0,-30.0,12.0,30.0,30.0,0.0,30.0,-30.0,3.0,3.0,34.0,46.0,49.0,70.0,27.0,65.0,10.0,80.0,77.0,75.0,44.0,10.0,83.0,83.0,83.0,83.0,83.0,83.0,83.0,83.0,83.0,83.0,83.0,83.0
00:00:32:772,83,64.0,64.0,2.0,62300.0,0.0,0.0,62200.0,0.0,0.0,-74.0,-27.0,204.0,-75.0,0.0,30.0,30.0,17.0,30.0,-30.0,3.0,3.0,29.0,54.0,64.0,85.0,74.0,54.0,43.0,28.0,5.0,88.0,60.0,1.0,83.0,83.0,83.0,83.0,83.0,83.0,83.0,83.0,83.0,83.0,83.0,83.0
00:00:32:774,83,64.0,64.0,2.0,62300.0,0.0,0.0,62200.0,0.0,0.0,-74.0,-27.0,204.0,-75.0,0.0,30.0,30.0,17.0,30.0,-30.0,3.0,3.0,29.0,54.0,64.0,85.0,74.0,54.0,43.0,28.0,5.0,88.0,60.0,1.0,83.0,83.0,83.0,83.0,83.0,83.0,83.0,83.0,83.0,83.0,83.0,83.0
00:00:32:824,83,64.0,64.0,2.0,62300.0,0.0,0.0,62400.0,0.0,0.0,211.0,58.0,204.0,-75.0,11.0,30.0,30.0,0.0,30.0,-30.0,3.0,3.0,29.0,54.0,64.0,85.0,74.0,54.0,43.0,28.0,5.0,88.0,60.0,1.0,83.0,83.0,83.0,83.0,83.0,83.0,83.0,83.0,83.0,83.0,83.0,83.0
00:00:32:877,83,64.0,64.0,2.0,62500.0,0.0,0.0,62400.0,0.0,0.0,211.0,58.0,113.0,47.0,0.0,30.0,30.0,24.0,30.0,-30.0,3.0,3.0,29.0,54.0,64.0,85.0,74.0,54.0,43.0,28.0,5.0,88.0,60.0,1.0,83.0,83.0,83.0,83.0,83.0,83.0,83.0,83.0,83.0,83.0,83.0,83.0
00:00:32:932,83,64.0,64.0,2.0,62500.0,0.0,0.0,62600.0,0.0,0.0,-34.0,12.0,113.0,47.0,16.0,30.0,30.0,0.0,30.0,-30.0,3.0,3.0,29.0,54.0,64.0,85.0,74.0,54.0,43.0,28.0,5.0,88.0,60.0,1.0,83.0,83.0,83.0,83.0,83.0,83.0,83.0,83.0,83.0,83.0,83.0,83.0
00:00:32:985,83,64.0,64.0,2.0,62700.0,0.0,0.0,62600.0,0.0,0.0,-34.0,12.0,43.0,49.0,0.0,30.0,30.0,29.0,30.0,-30.0,3.0,3.0,29.0,54.0,64.0,85.0,74.0,54.0,43.0,28.0,5.0,88.0,60.0,1.0,83.0,83.0,83.0,83.0,83.0,83.0,83.0,83.0,83.0,83.0,83.0,83.0
00:00:33:036,83,64.0,64.0,2.0,62700.0,0.0,0.0,62800.0,0.0,0.0,-68.0,-44.0,43.0,49.0,14.0,30.0,30.0,0.0,30.0,-30.0,3.0,3.0,29.0,54.0,64.0,85.0,74.0,54.0,43.0,28.0,5.0,88.0,60.0,1.0,83.0,83.0,83.0,83.0,83.0,83.0,83.0,83.0,83.0,83.0,83.0,83.0
00:00:33:089,83,64.0,64.0,2.0,62900.0,0.0,0.0,62800.0,0.0,0.0,-68.0,-44.0,39.0,9.0,0.0,30.0,30.0,15.0,30.0,-30.0,3.0,3.0,29.0,54.0,64.0,85.0,74.0,54.0,43.0,28.0,5.0,88.0,60.0,1.0,83.0,83.0,83.0,83.0,83.0,83.0,83.0,83.0,83.0,83.0,83.0,83.0
00:00:33:142,83,64.0,64.0,2.0,62900.0,0.0,0.0,63000.0,0.0,0.0,84.0,26.0,39.0,9.0,28.0,30.0,30.0,0.0,30.0,-30.0,3.0,3.0,29.0,54.0,64.0,85.0,74.0,54.0,43.0,28.0,5.0,88.0,60.0,1.0,83.0,83.0,83.0,83.0,83.0,83.0,83.0,83.0,83.0,83.0,83.0,83.0
00:00:33:193,83,64.0,64.0,2.0,63100.0,0.0,0.0,63000.0,0.0,0.0,84.0,26.0,164.0,-61.0,0.0,30.0,30.0,19.0,30.0,-30.0,3.0,3.0,29.0,54.0,64.0,85.0,74.0,54.0,43.0,28.0,5.0,88.0,60.0,1.0,83.0,83.0,83.0,83.0,83.0,83.0,83.0,83.0,83.0,83.0,83.0,83.0
00:00:33:245,83,64.0,64.0,2.0,63100.0,0.0,0.0,63200.0,0.0,0.0,147.0,-70.0,164.0,-61.0,22.0,30.0,30.0,0.0,30.0,-30.0,3.0,3.0,29.0,54.0,64.0,85.0,74.0,54.0,43.0,28.0,5.0,88.0,60.0,1.0,83.0,83.0,83.0,83.0,83.0,83.0,83.0,83.0,83.0,83.0,83.0,83.0
00:00:33:278,83,99.0,55.0,4.0,63100.0,0.0,0.0,63200.0,0.0,0.0,147.0,-70.0,164.0,-61.0,22.0,30.0,30.0,0.0,30.0,-30.0,3.0,3.0,66.0,9.0,79.0,13.0,87.0,88.0,53.0,77.0,5.0,20.0,72.0,10.0,83.0,83.0,83.0,83.0,83.0,83.0,83.0,83.0,83.0,83.0,83.0,83.0
00:00:33:296,83,99.0,55.0,4.0,63300.0,0.0,0.0,63200.0,0.0,0.0,147.0,-70.0,6.0,-5.0,0.0,30.0,30.0,12.0,30.0,-30.0,3.0,3.0,66.0,9.0,79.0,13.0,87.0,88.0,53.0,77.0,5.0,20.0,72.0,10.0,83.0,83.0,83.0,83.0,83.0,83.0,83.0,83.0,83.0,83.0,83.0,83.0
00:00:33:348,83,99.0,55.0,4.0,63300.0,0.0,0.0,63400.0,0.0,0.0,110.0,-50.0,6.0,-5.0,11.0,30.0,30.0,0.0,30.0,-30.0,3.0,3.0,66.0,9.0,79.0,13.0,87.0,88.0,53.0,77.0,5.0,20.0,72.0,10.0,83.0,83.0,83.0,83.0,83.0,83.0,83.0,83.0,83.0,83.0,83.0,83.0
00:00:33:402,83,99.0,55.0,4.0,63500.0,0.0,0.0,63400.0,0.0,0.0,110.0,-50.0,225.0,-29.0,0.0,30.0,30.0,22.0,30.0,-30.0,3.0,3.0,66.0,9.0,79.0,13.0,87.0,88.0,53.0,77.0,5.0,20.0,72.0,10.0,83.0,83.0,83.0,83.0,83.0,83.0,83.0,83.0,83.0,83.0,83.0,83.0
00:00:33:453,83,99.0,55.0,4.0,63500.0,0.0,0.0,63600.0,0.0,0.0,51.0,7.0,225.0,-29.0,14.0,30.0,30.0,0.0,30.0,-30.0,3.0,3.0,66.0,9.0,79.0,13.0,87.0,88.0,53.0,77.0,5.0,20.0,72.0,10.0,83.0,83.0,83.0,83.0,83.0,83.0,83.0,83.0,83.0,83.0,83.0,83.0
00:00:33:505,83,99.0,55.0,4.0,63700.0,0.0,0.0,63600.0,0.0,0.0,51.0,7.0,129.0,39.0,0.0,30.0,30.0,24.0,30.0,-30.0,3.0,3.0,66.0,9.0,79.0,13.0,87.0,88.0,53.0,77.0,5.0,20.0,72.0,10.0,83.0,83.0,83.0,83.0,83.0,83.0,83.0,83.0,83.0,83.0,83.0,83.0
00:00:33:557,83,99.0,55.0,4.0,63700.0,0.0,0.0,63800.0,0.0,0.0,150.0,28.0,129.0,39.0,20.0,30.0,30.0,0.0,30.0,-30.0,3.0,3.0,66.0,9.0,79.0,13.0,87.0,88.0,53.0,77.0,5.0,20.0,72.0,10.0,83.0,83.0,83.0,83.0,83.0,83.0,83.0,83.0,83.0,83.0,83.0,83.0
00:00:33:610,83,99.0,55.0,4.0,63900.0,0.0,0.0,63800.0,0.0,0.0,150.0,28.0,-42.0,8.0,0.0,30.0,30.0,28.0,30.0,-30.0,3.0,3.0,66.0,9.0,79.0,13.0,87.0,88.0,53.0,77.0,5.0,20.0,72.0,10.0,83.0,83.0,83.0,83.0,83.0,83.0,83.0,83.0,83.0,83.0,83.0,83.0
00:00:33:662,83,99.0,55.0,4.0,63900.0,0.0,0.0,64000.0,0.0,0.0,174.0,63.0,-42.0,8.0,30.0,30.0,30.0,0.0,30.0,-30.0,3.0,3.0,66.0,9.0,79.0,13.0,87.0,88.0,53.0,77.0,5.0,20.0,72.0,10.0,83.0,83.0,83.0,83.0,83.0,83.0,83.0,83.0,83.0,83.0,83.0,83.0
00:00:33:712,83,99.0,55.0,4.0,64100.0,0.0,0.0,64000.0,0.0,0.0,174.0,63.0,-29.0,-53.0,0.0,30.0,30.0,25.0,30.0,-30.0,3.0,3.0,66.0,9.0,79.0,13.0,87.0,88.0,53.0,77.0,5.0,20.0,72.0,10.0,83.0,83.0,83.0,83.0,83.0,83.0,83.0,83.0,83.0,83.0,83.0,83.0
00:00:33:766,83,99.0,55.0,4.0,64100.0,0.0,0.0,64200.0,0.0,0.0,-2.0,-73.0,-29.0,-53.0,12.0,30.0,30.0,0.0,30.0,-30.0,3.0,3.0,66.0,9.0,79.0,13.0,87.0,88.0,53.0,77.0,5.0,20.0,72.0,10.0,83.0,83.0,83.0,83.0,83.0,83.0,83.0,83.0,83.0,83.0,83.0,83.0
00:00:33:778,83,35.0,59.0,15.0,64100.0,0.0,0.0,64200.0,0.0,0.0,-2.0,-73.0,-29.0,-53.0,12.0,30.0,30.0,0.0,30.0,-30.0,3.0,3.0,17.0,64.0,32.0,30.0,70.0,52.0,19.0,37.0,28.0,78.0,31.0,77.0,83.0,83.0,83.0,83.0,83.0,83.0,83.0,83.0,83.0,83.0,83.0,83.0
00:00:33:819,83,35.0,59.0,15.0,64300.0,0.0,0.0,64200.0,0.0,0.0,-2.0,-73.0,218.0,-29.0,0.0,30.0,30.0,25.0,30.0,-30.0,3.0,3.0,17.0,64.0,32.0,30.0,70.0,52.0,19.0,37.0,28.0,78.0,31.0,77.0,83.0,83.0,83.0,83.0,83.0,83.0,83.0,83.0,83.0,83.0,83.0,83.0
00:00:33:871,83,35.0,59.0,15.0,64300.0,0.0,0.0,64400.0,0.0,0.0,-74.0,-74.0,218.0,-29.0,24.0,30.0,30.0,0.0,30.0,-30.0,3.0,3.0,17.0,64.0,32.0,30.0,70.0,52.0,19.0,37.0,28.0,78.0,31.0,77.0,83.0,83.0,83.0,83.0,83.0,83.0,83.0,83.0,83.0,83.0,83.0,83.0
00:00:33:924,83,35.0,59.0,15.0,64500.0,0.0,0.0,64400.0,0.0,0.0,-74.0,-74.0,-76.0,-53.0,0.0,30.0,30.0,26.0,30.0,-30.0,3.0,3.0,17.0,64.0,32.0,30.0,70.0,52.0,19.0,37.0,28.0,78.0,31.0,77.0,83.0,83.0,83.0,83.0,83.0,83.0,83.0,83.0,83.0,83.0,83.0,83.0
00:00:33:976,83,35.0,59.0,15.0,64500.0,0.0,0.0,64600.0,0.0,0.0,155.0,11.0,-76.0,-53.0,28.0,30.0,30.0,0.0,30.0,-30.0,3.0,3.0,17.0,64.0,32.0,30.0,70.0,52.0,19.0,37.0,28.0,78.0,31.0,77.0,83.0,83.0,83.0,83.0,83.0,83.0,83.0,83.0,83.0,83.0,83.0,83.0
00:00:34:029,83,35.0,59.0,15.0,64700.0,0.0,0.0,64600.0,0.0,0.0,155.0,11.0,-9.0,-58.0,0.0,30.0,30.0,19.0,30.0,-30.0,3.0,3.0,17.0,64.0,32.0,30.0,70.0,52.0,19.0,37.0,28.0,78.0,31.0,77.0,83.0,83.0,83.0,83.0,83.0,83.0,83.0,83.0,83.0,83.0,83.0,83.0
00:00:34:047,82,35.0,59.0,15.0,64700.0,0.0,0.0,64600.0,0.0,0.0,155.0,11.0,-9.0,-58.0,0.0,30.0,30.0,19.0,30.0,-30.0,3.0,3.0,17.0,64.0,32.0,30.0,70.0,52.0,19.0,37.0,28.0,78.0,31.0,77.0,82.0,82.0,82.0,82.0,82.0,82.0,82.0,82.0,82.0,82.0,82.0,82.0
00:00:34:082,82,35.0,59.0,15.0,64700.0,0.0,0.0,64800.0,0.0,0.0,198.0,30.0,-9.0,-58.0,13.0,30.0,30.0,0.0,30.0,-30.0,3.0,3.0,17.0,64.0,32.0,30.0,70.0,52.0,19.0,37.0,28.0,78.0,31.0,77.0,82.0,82.0,82.0,82.0,82.0,82.0,82.0,82.0,82.0,82.0,82.0,82.0
00:00:34:133,82,35.0,59.0,15.0,64900.0,0.0,0.0,64800.0,0.0,0.0,198.0,30.0,53.0,-50.0,0.0,30.0,30.0,23.0,30.0,-30.0,3.0,3.0,17.0,64.0,32.0,30.0,70.0,52.0,19.0,37.0,28.0,78.0,31.0,77.0,82.0,82.0,82.0,82.0,82.0,82.0,82.0,82.0,82.0,82.0,82.0,82.0
00:00:34:187,82,35.0,59.0,15.0,64900.0,0.0,0.0,65000.0,0.0,0.0,235.0,-45.0,53.0,-50.0,25.0,30.0,30.0,0.0,30.0,-30.0,3.0,3.0,17.0,64.0,32.0,30.0,70.0,52.0,19.0,37.0,28.0,78.0,31.0,77.0,82.0,82.0,82.0,82.0,82.0,82.0,82.0,82.0,82.0,82.0,82.0,82.0
